000001;JET LI RISE TO HONOR (CUESTION DE HONOR);7
000002;MAX PAYNE 2 THE FALL OF MAX PAYNE;7
000003;KILL ZONE;2
000004;RESIDENT EVIL DEAD AIM;0
000005;BURNOUT REVENGE;7
000006;CARS;6
000007;DRIVER PARALLEL LINES;7
000008;FLATOUT 2;6
000009;FORMULA 1 2005;0
000010;NASCAR 2005;0
000011;NHRA CHAMPIONSHIP DRAG RACING;0
000012;NEED FOR SPEED MOST WANTED ;0
000013;GRAND THEFT AUTO SAN ANDREAS;5
000014;SEGA RALLY 2006;8
000015;NEED FOR SPEED UNDERGROUND 2;12
000016;SONIC RIDERS ;8
000017;DESTRUCTION DERBY ARENAS;7
000018;BURNOUT 3 TAKEDOWN;6
000019;ALTERED BEAST;7
000020;SPONGEBOB SQUAREPANTS LIGHTS,CAMERA,PANTS!;7
000021;BATMAN BEGINS;6
000022;BLACK ;8
000023;BLOOD RAYNE 2;8
000024;BUSCANDO A NEMO;15
000025;CASTLEVANIA;6
000026;CRASH TAG TEAM RACING;6
000027;CHICKEN  LITTLE;6
000028;DIGIMON DIGIMON WORLD 4;8
000029;GAUNTLEF;7
000030;GRAND THEFT AUTO LIBERTY CITY STORIES;0
000031;GRANDIA 3;0
000032;GRADIUS;0
000033;HARRY POTTER QUIDDITCH WORLD CUP;0
000034;HITMAN BLOOD MONEY;8
000035;ICO;7
000036;LAS CRONICAS DE NARNIA;7
000037;LOS 4 FANTASTICOS (VOCES EN ESP.);0
000038;MADAGASCAR;17
000039;MONSTER RANCHER EVO;0
000040;OVER THE HEDGE VECINOS INVASORES;7
000041;YS THE ARK OF NAPISHTIM;0
000042;SEA WORLD AVENTURE;0
000043;SHADOW OF THE COLOSSUS;8
000044;SOUL CALIBUR 2;6
000045;SPIDER MAN 2;7
000046;STUART LITTLE 3 BIG PHOTO ADVENTURE;7
000047;TEENAGE MUTANT NINJA TURTLES 2 BATTLE NEXUS;7
000048;ULTRAMAN REBIRTH FIGTING EVOLUTION;0
000049;ULTIMATE SPIDER MAN;6
000050;JAK 3 ;7
000051;SEÑOR DE LOS ANILLOS LAS DOS TORRRES;7
000052;OUTLAW VOLLEYBALL;7
000053;FIGHT NIGHT ROUND 3 ;8
000054;FINAL FIGHT;7
000055;ROCKY LEGEND;6
000056;VICTORIOUS BOXER 2  FIGHTING SPIRIT;0
000057;FIFA STREET  ;10
000058;FIFA STREET 2;16
000059;GERMANY 2006;0
000060;WINNING ELEVEN 10 ESPAÑOL;0
000061;WINNING ELEVEN 10 INGLES;0
000062;WINNING ELEVEN 7 NIKEFOOLBALL 2;0
000063;WINNING ELEVEN 8 ESP;0
000064;WINNING ELEVEN 9;0
000065;WINNING ELEVEN 6;0
000066;WINNING ELEVENG 8 OLE MIX;0
000067;DEF JAM VENDETTA;7
000068;PRODE FC;9
000069;SHADOW HEARTS;0
000070;SMACK VS. RAW;0
000071;SMACK VS. RAW 2006;7
000072;UFC SUDDEN IMPACT;8
000073;MOTOCROSS MANIA 3;8
000074;FREEKSTYLE;0
000075;BEAT MANIA;0
000076;DANCE DANCE REVOLUTION EXTREME 2;7
000077;50 CENT BULLETPROOF;7
000078;ART OF FIGHTIN COLLECTION TIPO CAPCOM;0
000079;CABALLEROS DEL ZODIACO SANTUARIO;9
000080;CAPCOM EVOLUTION;0
000081;DRAGON BALL Z SUPER;0
000082;DRAGON BALL Z SAGAS;4
000083;MARVEL VS CAPCOM 2;8
000084;MORTAL KOMBAT DECEPTION;6
000085;MORTAL KOMBAT SHAOLIN MONKS;4
000086;SNK VS. CAPCOM;0
000087;TEKKEN TAG TOURNAMENT;15
000088;TEKKEN 4;8
000089;TEKKEN 5;0
000090;DEF JAM FIGH FOR NY;16
000091;DRAGON BALL Z TENKAICHI;0
000092;MORTAL KOMBAT V;7
000093;THE KING OF FIGTJER 3D2;0
000094;COMMANDOS STRIKE FORCE;7
000095;COMFLICT DESERT STORM 2 BACK BAGDAD;0
000096;DINASTY WARRIO XTREME LEGEND;0
000097;SNIPER ELITE;9
000098;DURO DE MATAR 3;0
000099;GHOST RECON ADVANCE WARFIGHTER;7
000100;MEDAL OF HONOR EUROPEAN ASSAULT;6
000101;MEDAL OF HONOR FRONTLINE;10
000102;METAL SLUG 3 ;0
000103;METAL SLUG 3D;0
000104;METAL SLUG 5;5
000105;METALS SLUG 6;7
000106;SPARTAN TOTAL WARRIOR;0
000107;STAR WARS BATTLE FRONT ;23
000108;STAR WARS BATTLE FRONT 2;16
000109;STAR WARS EPISODE 3 LA VENGANZA DE LOS SITH;9
000110;SWAT GLOVAL STRIKE TEAM;7
000111;TERMINATOR 3;8
000112;THE GOTFATHER;7
000113;THE PUNISHER;7
000114;THE WARRIOS;14
000115;TOMB RAIDER LEGEND;9
000116;URBAN CHAOS GUERRA;0
000117;VAN HELSING;7
000118;VIETCONG;7
000119;WID ARMS ALTER CODEF;0
000120;LEISURE SUIT LARRY;0
000121;LOS SIMS 1 TOMAN LA CALLE;7
000122;LOS SIMS 2;15
000123;PLAY BOY THE MANSION (VOCES EN ESP.);10
000124;ROLAN GARROS 2005;7
000125;SILENT HILL 3 ESP.;10
000126;MLB 2006 THE SOW STRAY;0
000127;NICKTOONS UNITE BOB SPOJA JIMY NEUTRON;7
000128;JACKED;0
000129;JAWS UNLEASHED;6
000130;LOONEY TUNES;15
000131;PAC MAN MORLD 3;9
000132;REAL ROBOT REGIMENT;0
000133;RONALDIÑO 3 EN 1;0
000134;RUMBLE ROSES;0
000135;SEGA CLASSICS COLLECTION;6
000136;STEAMBOT CRONICLES;0
000137;STITCH EXPERIMENT;0
000138;SUPER NINTENDO;0
000139;XTREME LEGEND;0
000140;WIN RACK2 PROYECT POSEDON;0
000141;COLIN MCRAE RALLY 2005;6
000142;NASCAR 2006;0
000143;LA RUSH;0
000144;PRO EVOLUTION 5 ESPAÑOL;0
000145;PRO EVOLUTION 6 INGLES;0
000146;BRASILERAO;0
000147;DARKWATCH (VOCES EN ESP.);6
000148;FINAL FANTASY X;6
000149;FINAL FANTASY X-2;6
000150;EVIL DEAD REGENERATION;7
000151;ZATCHABELL;0
000152;KING KONG;9
000153;CONFLIC GLOVAL STORM;7
000154;DEAD TO RIGHTS II;7
000155;EL SEÑOR DE LOS ANILLOS RETUN OF KINK 3;9
000156;DEVIL MAY CRY 3;6
000157;METAL SLUG 4;7
000158;INEYTAYSION GAMES;7
000159;3 EN UNO SLUG 3 TORTUGAS ;0
000160;CABALLEROS DEL ZODIACO HADEZ;5
000161;THE FCT AND THE FURIOUS TOKYO DRIFT;9
000162;GRAN PRIX SERIES D1 PROFESIONAL;0
000163;NBA LIVE 2007;0
000164;STARTREK VOYAGER;0
000165;FIFA 2007 ESP.;0
000166;LOS SIMS 2 PETS (ESP.);8
000167;NARUTO ULTIMATE NINJA;7
000168;FINAL FANTASY V III;9
000169;BULLY;23
000170;PRINCE OF PERCIA THE TWO THONEO;17
000171;STATE EMERGENCY 2;0
000172;THE SURFERING ;7
000173;SPYHUNTER NOWHERE TO RUN;0
000174;NARC;7
000175;YAKUZA;7
000176;JUST CAUSE;9
000177;SPLINTER CELL DOUBLE AGENT;7
000178;SCARFASE THE WORLD YOURS;6
000179;METAL GEAR 2;7
000180;METAL GEAR 3;10
000181;MORTAL KOMBAT ARMAGEDON;7
000182;SUPERMAN RETURNS;7
000183;DRAGON BALL Z BUDOKAI 2;4
000184;SMACK DOW 2007;0
000185;GRAN TURISMO 4;4
000186;WINNING ELEVENG 11 INGLES;0
000187;CHICKEN LITTLE ACE IN ACTION 07;7
000188;VOLCANO ISLAND BATLE FOR BOB JIMY 07;17
000189;HARLEY DAVISON RACE TO RALLY MOTOS;7
000190;CARBON;13
000191;SOCOM COMBINED ASSAULT;8
000192;CIVIL WAR A NATION DIVIDED;15
000193;SHREK SMASHN CRASH RACING 07;9
000194;DRAGON QUEST VIII;0
000195;TOP SPIN;7
000196;24 THE GAME;0
000197;RAMPAGE TOTAL DESTRUCTION;5
000198;CRASH TWIN SANITY (VOCES EN ESP.);6
000199;GOD OF WAR;10
000200;PRO EVOLUTION 4;0
000201;FIFA 2004;0
000202;HEROES JUSTICIA HEROES;8
000203;ULTIMATE ALIANCE SPAIDERMAN 07;7
000204;CORVETE  EVOLUTION GT;0
000205;EVOLUTION GT;7
000206;TOBOKOT PLUS;0
000207;DDRMAX 2;7
000208;METAL SLUG COLECCIÓN;10
000209;DESTROY ALL HUMANS! 2;7
000210;ROQUE TROOPER;0
000211;BALTETATION DRAGON BALL NARUTO;7
000212;SWORS OF DESTYMI;15
000213;EUREKA SEVEN THE NEW WAVE;0
000214;DIE HARD TRILOGY;0
000215;VEGETALES LARRY BOY AND THE BAD APPLE;0
000216;BIONICLE HEROES;9
000217;STAR WARS 2  LEGOS;4
000218;FAMILY GUY PADRE;8
000219;TONY HAWK´S PROYECT PATINE;9
000220;THE SOPRANOS ROAD TO RESPECT;7
000221;TIME CRISIS 3;7
000222;THE SIMSOMPS PATINETA;7
000223;LEGENDS OF WRESTING;0
000224;RESIDENT EVIL 4;0
000225;CRASH NITRO KART;15
000226;CALL OF DUTY 3;9
000227;FINAL FANTASY XII (ESP.);8
000228;GTA 3;7
000229;DRAGON BALL Z BUDOKAI 3;7
000230;MEGAMAN X8;9
000231;LOS INCREIBLES;9
000232;STREET FIGTHER ZERO 2006;7
000233;GHOST RIDER;15
000234;SKI ALPIN RACING;7
000235;ARTHUR;7
000236;MADEMAN;6
000237;NFL STREET 3;8
000238;GOD OF WAR 2;17
000239;PSI OPS;7
000240;DEVIL MAY CRY 2 DISC 1;8
000241;DEVIL MAY CRY 2 DISC 2;9
000242;DAKAR 2;3
000243;MERCENARIOS;17
000244;25 TO LIFE;7
000245;ATV 4;7
000246;FUTBOL BOLIVIANO;0
000247;PIRATAS DEL CARIBE;18
000248;FORMULA UNO 2006;7
000249;BOB SPONJA CREATURE KRUSTI KRAB;7
000250;SOUL CALIBUR 3;8
000251;GUITAR HERO 2;9
000252;HAPPY FEET;7
000253;HUMMER;7
000254;GOLDEN EYE ROGUE AGENTE;7
000255;WININNG ELEVENG 11 ESPAÑOL ;0
000256;LAST BLADE I Y II;0
000257;BOURNOUT DOMINATOR;7
000258;HACK G,U REBURTH VOL 1;0
000259;COLEGAS EN EL BOSQUE OPEN SEASON;9
000260;BLOODY ROAD 4;7
000261;THE AVENTURE BILLY MANDY;10
000262;B BOY;0
000263;BATTLE FIELD 2;0
000264;CAPCOM CLASISC COLECTION VOL 2;0
000265;CHAOS LEGION;7
000266;CN RACING NETWORK;10
000267;SHADOW HEARTS 2 AVENTURA;0
000268;NBA 2K7;0
000269;MERCURY MELTDOWN;0
000270;GARFIELD;7
000271;RAYMAN RAVING RABBIDS (ESP.);0
000272;K-1 WOLRD GRAND PRIX;7
000273;RULE OF ROSE;10
000274;TIGUER WOODS PGD TOUR 07;0
000275;TOM RAIDER THE ANGEL OF DARK NESS;0
000276;ZATCHABELL MAMODO FURY;0
000277;ACE COMBAT ZERO THE BELKAN WAR (ESP.);8
000278;AREA 51;5
000279;SYPHON FILTER THE OMEGA;0
000280;REALM OF THE DEAD;0
000281;LA ERA DEL HIELO EL DESHIELO 2 (ICE AGE 2 VOCES EN ESP.);4
000282;WORLD SERIES POKER;7
000283;XENOSAGA EPISODE 2;0
000284;VALKIRIE PROFILE 2;0
000285;GRE HASTINGS TOURNAMENT PAINTBALL;7
000286;SPONGEBOB SQUAREPANTS;9
000287;SHINOBIDO;8
000288;NEO CONTRA;9
000289;CAPITAN TSUBASA;17
000290;BARBIE 12  DANCING PRINCES;8
000291;BARNYARD;7
000292;SHOWDWN;7
000293;THE SWORD OF ETHERIA;0
000294;RESIDENT EVIL CODE VERONICA;10
000295;BLOOD WILL TELL TEZUKA SAMU DORORO;0
000296;SHELLSHOCK NAM 67;0
000297;KING OF FIGTHERS 3D;7
000298;YU GI OH DUELING;0
000299;GOD HAND;7
000300;WININNG ELEVENG 10 BRAZUKA ESPAÑOL ;7
000301;SUPER BIKES;7
000302;ERAGON;7
000303;PANZER FRONT;9
000304;CABELAS AFRICAN SAFARI;7
000305;SAMURAI X;7
000306;RESIDENT EVIL OUTBREAK FILE 1;9
000307;SINSEIKI GPX FORMULA ROAD TO THE INFINITY 3;6
000308;FATAL FRAME 3;7
000309;DEVIL SUMMONER;6
000310;GUILTY GEAR XX;7
000311;PIRATES LEGEND OF THE BLACK BUCANNER;7
000312;THE ANTRY BULLY;23
000313;TURTLES 3 TORTUGAS;7
000314;CORVETE EVOLUTION;7
000315;ARMORED CORE LASR RAVEN;7
000316;FUTURAMA;7
000317;STREET FIGTHER ALPHA ANTOLOGY;8
000318;AEONFLUX EL FUTURO ES FLUX;0
000319;GARFIELD 2;7
000320;TARZAN FRERIDE;7
000321;SEGA GENESIS COLLECTION;0
000322;JAK X COMBAT RACING;7
000323;PRO BMX 2 VICICLETAS;6
000324;KAIDO RACER AUTOS;7
000325;APERTURA 2007 LIBERTADORES;7
000326;DOWN HILL DOMINATION;0
000327;WINININ ELEVENG PES 2007;6
000328;TMNT;7
000329;SPIDER MAN 3;9
000330;AMERICAN SHOPPER 2 ;7
000331;METAL SLUG ANTOLOGY;11
000332;GHOST RECON 2 ;10
000333;PIRATAS DEL CARIBE EN EL FIN DEL MUNDO;8
000334;VICE CITY GTA 1;6
000335;VICE CITY STORIES GTA 4;6
000336;MOTO GP 4;0
000337;TRUE CRIME NEY YOUR CITY;7
000338;MEDAL OF HONOR VANGUARD;22
000339;THE SIMSOMPS HIT RUN;10
000340;TRANSFORMES;8
000341;FANTASTIV 4 2;7
000342;SHREK THE TRIRD 3;7
000343;HARRY PHOTER THE ORDER FENIX;8
000344;CHAMPION LIAGUE 2007;0
000345;SHADOW HEGHE SONIC;9
000346;TONY HAWS DOWNHILL;18
000347;W E COPA AMERICA 07 ;0
000348;TOM RAIDER ANIVERSARY;10
000349;PAC MAN RALLY;8
000350;BRAVE;7
000351;HAUNTING GROUND;0
000352;WRC WORLD RALLY 04;7
000353;TRANSFORMES UNO;7
000354;CASTELVNIA LAMENT 2;7
000355;FUGITIVE HUNTER;9
000356;TOTAL OVERDOSE;13
000357;ECHO NIGHT ;0
000358;SHAOW    OF ROME;8
000359;EXTERMINATION;6
000360;NINJA ASSAULT;7
000361;SEGA CLASIC COLECTION;0
000362;VIRTUAL TENIS 2;9
000363;EVIL PROPHECY MC FARLANES;0
000364;NEO GEO BALTE;7
000365;ace combat 5  the unsun war;6
000366;NASCAR 2008;0
000367;TEST DRIVE;6
000368;big mutha trukers 2;7
000369;mage griffin bountyunter;0
000370;bards tale;0
000371;fire figter df;0
000372;backyard westling;8
000373;the x file resist or serve;7
000374;the shield;0
000375;rayman 3 holdlun havoc;7
000376;crouchin tiger hidden dragon;0
000377;Goblin commander;6
000378;time splinters ;5
000379;full spectrum warrio ten hammers;9
000380;wild arms 3;0
000381;the great escape;0
000382;FRIENDS;0
000383;THE KING OF FIGHTERS 2006;7
000384;head coach;0
000385;SUPER BIKES;0
000386;digital devil saga;0
000387;ruff triguer;0
000388;maden nfl 2007;0
000389;spyro;7
000390;nba ballers phenom;0
000391;arena fooball;0
000392;raiden 2;0
000393;callop racer 2006;0
000394;pirates legen of the black bucaneer;0
000395;virtua pro fooball;0
000396;bad boys 2;7
000397;tokyo xtreme racer drift 2;0
000398;tokyo xtreme racer drift 3;9
000399;dance dance revolution supermnova;7
000400;neopes the darkest faerie;0
000401;your self;0
000402;tourist trophy;6
000403;well of fortune;0
000404;manhunt;7
000405;RIDE OR DIE 187;0
000406;HOT WHEELS VELOCITY X;7
000407;WINNING ELEVENG 12;0
000408;LEGACY OF KAIN;9
000409;URBAN REING;6
000410;NARUTO 2 ;7
000411;MARVEL NEMESIS;5
000412;METAL ARMS;0
000413;ACE COMBAT 4;10
000414;THE HOBBY ESDLA;7
000415;RATATUILE;7
000416;ROBINSONS MEET THE ;7
000417;FATAL FRAME 2 CRIMON;10
000418;SMACK DOWN HERE COMES THE PAIN;7
000419;NEED FOR SPEED HOT PURSUIT 2;6
000420;STREET FIGHTERS 3 3STRIKE;0
000421;CRUSTY DEMONS;0
000422;ARMY MEN RTS;10
000423;SHREK SUPER SLAM;8
000424;NARUTO UZUMAKI CHONICLES;6
000425;PIMP MY RIDE;0
000426;NEO GEO BATTLE ARCHIVES FATAL FURY COLLECTION;0
000427;WARSHIP GUNNER 2 BARCOS;0
000428;SON CROSS 2 HIELO ;7
000429;GETTING UP RAPEROS;9
000430;WINNIE THE POOH FIESTA DE CUMPLEAÑOS;7
000431;LEGENDS 2 TAITO;0
000432;THE SIMPSONS HIT RUN DVD;0
000433;DEATH BY DEGREES;0
000434;YU GI OH! KAPSELMONSTER KOLOSSEUM;7
000435;MONSTER HOUSE AVENTURA ;15
000436;PRINCE OF PERCIA LAS ARENAS DEL TIEMPO 1;18
000437;PRINCE PERCIA ALMA DEL GUERRERO WARRION WITHIN;15
000438;URBAN FRESTYLE SOCCER CALLEJERO;15
000439;WORMS 4 MAYEN GUSANOS;6
000440;DRAGON BALL Z TENKAICHI 3 VERSION JAPONES;14
000441;WININNG ELEVENG 13 BRAZILIAN; 
000442;CRASH NITRO KART EN DVD;20
000443;THE KING OF FIGHTERS COLLECTION 06;0
000444;GUITAR HERO ENCORE ROCK 80;6
000445;GUN (ESP.);0
000446;CRASH BANDICOT WRATH COATCH;10
000447;RUGBY 08 ;9
000448;PRO EVOLUTION SOCCER 2008;0
000449;METAL GEAR 3 SUBTANCE 2 DVDS 1/2 ESP.;14
000450;METAL GEAR 3 SUBTANCE 2 DVDS 2/2;7
000451;FIFA 2008 ;0
000452;DARKSTALKERS CRHONICLE;0
000453;MARIO COLLECION;23
000454;CRASH N BURN;9
000455;RESIDENT EVIL OUTBREAK FILE 2 (ESP.);8
000456;CALL OF DUTY FINEST HOUR;0
000457;HOT SHOTS TENIS;0
000458;TWISTED METAL BLACK ONLINE;15
000459;CRASH OF THE TITANS;16
000460;SYPHON FILTER DSARK MIRROR;0
000461;DIGIMON WORLD 07;14
000462;NARUTO UZUMAKI CHONICLES 2;15
000463;MANHUNT 2;17
000464;NHL 2 K8;0
000465;STUNTMAN;0
000466;LOONEY TUNES 07;18
000467;JUICED 2;14
000468;KIN OF FIGTHER 3 LUCHADORES 00;0
000469;SMACK DOW 2008 INGLES;9
000470;SCOBY DOO ;9
000471;BLEACH;13
000472;OBSCURE 2;6
000473;NCA 08;0
000474;BRATS;4
000475;SPIDERMAN FRIENDS;0
000476;ROBOTHECH;0
000477;FUTBOL LEGO SOCCER;8
000478;THE CODE DAVINCE;7
000479;THE SIMS OUT;0
000480;RATONPOLIS;0
000481;CLOCK TOWER 3R;6
000482;HOT WHEELS 2;0
000483;BAZAN 2;0
000484;THE SIMPSON ROAD;7
000485;GOD OF WAR 2 ESPAÑOL;0
000486;GOD OF WAR ESPAÑOL;9
000487;SAMURAI  ESTER;0
000488;THE BIGS;0
000489;EUREKA EPISODE 1;0
000490;CABELAS TROOPY;7
000491;TUROK EVOLUTION;6
000492;PARAPA;0
000493;NASCAR 2005;0
000494;DRAGON BALL Z TENKAICHI 3 EN ESPAÑOL;7
000495;MOTO GP 2007;8
000496;NFS PRO STREET;6
000497;CARS MATERNATIONAL;10
000498;THE SIMPSON THE MOVIE;6
000499;POWER RANGERS SUPER LEGENDS;6
000500;GUITAR HERO 3;0
000501;GUITAR HERO 1;9
000502;JACKASS THE GAME;4
000503;MEDAL OF HONOR RISING SUN (VOCES EN ESP.);8
000504;NARUTO SHAPPUDER ACC2;17
000505;RURON KENSHIN ENJOO RYO;0
000506;THE SIMPSON THE GAME ESPAÑOL;6
000507;VICE CITY STORIES GTA 4 EN ESPAÑOL;16
000508;SMACK DOW 2008 NTS ;8
000509;CRAHS LUCHA DE TITANES ESPAÑOL;10
000510;TAITO MEMORIES 2 GEKAN;0
000511;ATELIER IRIS 3;0
000512;ROAD TO THE INFINITY 3;0
000513;SLY RACCOON;0
000514;DT RACER ;0
000515;DAWN OF MANIA;0
000516;METAL SAGA;0
000517;MAI KINOTO HIME;0
000518;CSI CRIME SCENE INVESTIGATION ;6
000519;BACKYARD SPORTS;0
000520;OPERATION AIR ASAULT;0
000521;DRAGON BALL Z PLUS;10
000522;STAR TRECK CONQUEST;0
000523;INTO THE GROOVE;0
000524;MAXIMO VS ARMY OF ZIN ;0
000525;COLOSSEUM ROAD TO FREEDOM;8
000526;THE KING OF FIGTHERS 10 EN 1 ;8
000527;WARRIORS OROCHI;0
000528;COCOTO RACERS;6
000529;BATMAN RISE OF TZU;6
000530;MONSTER JAM;10
000531;MONSTER HUNTER;8
000532;RALLY FUSION;7
000533;MX VS ATV UNTAMED;11
000534;HUGO BUKKAZOOM;0
000535;HUGO CANNON CRUISE;0
000536;ALVIN AND THE CHIPMUNK;9
000537;TEST DRIVE EVE OF DESTRUCTION;7
000538;KINGS FIELD THE ANCIENT CITY;0
000539;HAWK KAWASAKI RACING;7
000540;AIRBLADE;0
000541;GALACTIG WRESTLING ULTIMATE MUSCLE;0
000542;FR FIRE PRO WRESTLING RETURNS;0
000543;RUGRATS RESCATE REAL;10
000544;MASTERS OF THE UNIVERSE HE MAN;0
000545;THIGUER MAN;0
000546;KING ARTHUR;7
000547;GUN CLUB;0
000548;NBA 008 THE LIFE V 3;0
000549;MAFIA;7
000550;CHAMPIONS NORRATH;0
000551;ASTERIX Y OBELIX KICK BUTTIX;9
000552;SSX3 SURF HIELO;6
000553;RED FACTION 2;0
000554;BATTLESTAR GALACTICA;0
000555;BIKE STREET VERT DIRT;0
000556;SKY ODYSSEY;0
000557;DEMON CHAOS;0
000558;MOUNTAIN BIKE ADRENALINE;8
000559;FROGGER ANCIENT SHADOW;0
000560;BEE MOVIE GAME;7
000561;FOR VS CHEVY;7
000562;GODZILLA UNLEASHED;7
000563;HUGO AGENT ROBORUMBLE;0
000564;SPONGEBOB ATLANTIS SQUAREPANTS;9
000565;BEYOND GOOD Y EVIL;0
000566;PHANTASY STAR UNIVERSE;0
000567;PUMP IT UP EXEED;9
000568;STAR WARS LEGO;13
000569;THE GOLDEN COMPASS;0
000570;TAZ WANTED;8
000571;THE HUSTLE DETROIT STREETS;9
000572;HSX HYPERSONIC XTREME;0
000573;BROTHERS IN ARMS ROAD TO HILL 30;7
000574;BROTHERS IN ARMS EARNED IN BLOOD;0
000575;CRUSH HOUR;7
000576;RYGAR THE LEGENDARY ADVENTURE;0
000577;HITMAN 2 SILENT ASSAING;7
000578;RAPAPPATHERAPPER 2;0
000579;SILENT HILL 2 ESP.;10
000580;SONIC HEROES;7
000581;TONY HAWS PROVING GROUND;16
000582;STAR WARS SUPER BOBAD RACING;9
000583;ASSAULT SUITS CALKEN ;0
000584;WRESTLING KINDOW;0
000585;THE RED STAR;0
000586;PADRINOS MAGICOS SHADOW SHOWW;6
000587;ROMANCE XI;0
000588;TOCA RACE DRIVER 3;8
000589;SONIC RIDERS ZERO GRAVITY;9
000590;SILENT HILL 4 THE ROOM;8
000591;RED DEAD;0
000592;RICHARD BURNS;7
000593;COLIN MCRE 04;7
000594;MATRIX PAT OF NEO;0
000595;GREAT BATLES ROME;7
000596;WINNING ELEVENG 2008 INGLES;0
000597;WINNING ELEVENG 13 ESPAÑOL;0
000598;WINNING ELEENG APERTURA 2007 ARG. FOX SPORT;0
000599;ALIEN VS PREDADOR ;6
000600;CHARLY Y LA FABRICA DEL CHOCOLATE;6
000601;MX UNLASHED;8
000602;HULK;3
000603;SAMURAI SHAMPOLO;8
000604;YU GI OH! GX;0
000605;NOBUNAGAS AMBITIONS;0
000606;MOTOTRAX;15
000607;AUTO MODELISTA;0
000608;BRUNSWICK;7
000609;PUZLE QUEST;0
000610;SILEN HILL ORIGENS;13
000611;SPIDERWICK CHRONICLES;0
000612;OUTAW VOLLEBALL;6
000613;THE GETAWAY ESP;9
000614;BOB SPONJA FONDO BIKYNI;8
000615;COMFLICT GLOBAL TERROR;7
000616;WIPEOUT FUSION;0
000617;WAKKY RACES;0
000618;CALL OF DUTY 2;0
000619;THE SPIDERWIHS;0
000620;FIST OR TWIST;0
000621;SMACK -TENIS;0
000622;KNIGTH TEMPLE 3;6
000623;NICKTOONS ATTACK OF THE TOYBOTS (ESP.);10
000624;JUMPER;9
000625;BEN 10 PROTECTOR;13
000626;ONE PIECE GRAND;7
000627;SPLASH DOWN;0
000628;THE MUMMY;0
000629;TORRENTE 3 EL PROTECTOR;0
000630;HITMAN BLOOD MONEY ESP.;8
000631;DISNEY PRINCESS;14
000632;PETS HORSEZ 2;7
000633;RAIDEN 3;8
000634;PROJECT SNOWBLIND;0
000635;COOL FEAR;9
000636;CABELAS TROOPY BUCKS;10
000637;METROPOLISMANIA 2;0
000638;KIN POSSIBLE;0
000639;SUZUKI SUPER BIKES 2;0
000640;LA CASA DE LOS SUSTOS;0
000641;EL SEÑOS DE LOS ANILLOS LA TERCERA EDAD;10
000642;SUPERMAN SHADOW OF APOKOLIPS;7
000643;NCAA 08 FOOTBALL;0
000644;STREET FIGTHER 2 COLLEC. ANIVERSARY;7
000645;AVATAR;8
000646;JAK AND DAXTER;5
000647;METAL GEAR SOLID 2 SUBTANCE;8
000648;QUAKE 3 TEAM ARENA;0
000649;DONKEY XOTE;0
000650;MASHED;10
000651;KID MUSCULO;0
000652;BLOOD OMEN 2;0
000653;BIKER MICE MARS;0
000654;NARUTO 4;8
000655;ED. EDD N EDDY THE MIS EDVENTURES;10
000656;UFC THRIWDOWN;11
000657;NHL 08;0
000658;BRITNEY.S;8
000659;PACIFIC WARRIORS 2;9
000660;MYTH MARKERS SUPER KART GP;0
000661;DRIVER 3;8
000662;GRAND TURISMO 3;7
000663;RESIDENT EVIL DEAD AIM;0
000664;CHARLOTTES WED;0
000665;GHOST RECON JUNGLE STORM;16
000666;UNDERWORLD  THE ENERNAL WAR;8
000667;AIRBONE TROOPS COUNTDOWN TO D DAY;8
000668;FINAL ARMADA;0
000669;SPLINTER CELL PANDORA TOMORROW;10
000670;MIAMI VICE;8
000671;NEED FOR SPEED UNDERGROUND;16
000672;HARRY POTTER Y LA PIEDRA FILOSOFAL;0
000673;JAK X;10
000674;RATCHET GLADIADOR;8
000675;THE SCORPION KING;0
000676;SHELLSHOCK NAM 67 DVD;6
000677;HARRY POTTER Y CALIZ DEL FUEGO;8
000678;COLIN MCRE 03;16
000679;SPLINTER CELL CHAOS THEORY;7
000680;HARRY  POTTER Y EL PRISIONERO DE AZCABAN;0
000681;TIGER WOODS PGA TOUR 07;0
000682;HALF LIFE;17
000683;THE FLINTONES BEDROCK RACING;16
000684;BEAT DOWN PUÑOS DE VENGANZA;0
000685;STAR WARS THE CLONE WARS;18
000686;KILL SWITCH;0
000687;TENCHU FATAL SHADOWS (ESP.);0
000688;WINTER SPORTS THE ULTIMATE CHALLENGE;0
000689;FLOW URBAN DANCE UPRISING;0
000690;PAC MAN WORLD 2;8
000691;CONSTANTINE ;8
000692;AQUA TEEN HUNGER FORCE ZOMBIE;0
000693;POP CAP HITS! VOL 1;0
000694;HIGH SCHOOL MUSICAL;0
000695;METROPOLISMANIA ;0
000696;RIDGE RACER V;0
000697;CHAMPIONS HORRATH;0
000698;DANCE DANCE REVOLUTION;0
000699;OBSCURE THE A ETERMATH;7
000700;NARUTO COLLECTION;7
000701;SONIC MEGA COLLECTION PLUS;7
000702;ESCAPE FROM MONKEY ISLAND;0
000703;FAHRENHENT;6
000704;YU YU HAKUSHO FOREVER;0
000705;FIRE HEROES;0
000706;COMMANDOS 2;0
000707;ZOIDS THE HIGH SPEED BATLE;0
000708;SWASHBUCKLERS;0
000709;THE HAUNTED MANSION;0
000710;HORSEZ EL VALLE DEL RANCHO;7
000711;POLICE CHASEDOWN;0
000712;ROBOCOP;0
000713;EOE EVE OF EXTINCION;0
000714;GNEO GEO BATTLECOLISUME;0
000715;ARCANA HEART;0
000716;P3F PERSONA 3 FES;0
000717;SKYGUNNER;0
000718;THE ITALIAN JOB;0
000719;7 WONDERS OF THE ANCIEND WORLD;0
000720;CONAN;0
000721;ROCK BAND;9
000722;GRAFFITI KINGDOM;9
000723;2 EN 1 (RESIDENT EVIL OUTBREAK - CRIMSON SEA 2);15
000724;IMNOCENT LIFE;0
000725;MANA KHEMIA;0
000726;SPRINT CARS 2;0
000727;PAC MAN WORLD RALLY;13
000728;MAXIMO ARMYOFZIN;0
000729;CAPCOM VS SNK 2;0
000730;4 EN 1 CONTRA GRANDIUS GAUNTLET;0
000731;THE RUMBLE FISH;0
000732;SHINOBI;6
000733;SUPER NINTENDO 2;14
000734;UNREAL TOURNAMENT ;0
000735;ARMY MEN SANGE´S WAR;0
000736;SPACE RACE;9
000737;EL SEÑOS DE LOS ANILLOS LA COMUNNIDAD DEL ANILLO;10
000738;RATCHET CLANK SIZE MATTERS;7
000739;ROBOTECH INVANCION;8
000740;DEVIL MAY CRY ;10
000741;ALIEND VS DEPREDADOR - ROBOTECH;8
000742;KND KIDS NEXT DOOR OPERATIOM ;7
000743;NICKELODEON EL TIGRE;9
000744;COCOTO FISHING MASTER;0
000745;NARUTO ULTIMATE NINJA 3;16
000746;GUITAR HERO 2 TRUE METAL EDITION;0
000747;GUITAR HERO 2 HACKEG VERSION;0
000748;GITARO MAN;0
000749;CHESS MASTER;7
000750;THE DOG ISLAND;8
000751;TONY HAWKS AMERICAN WASTELAND;7
000752;AVATAR THE BURNING EARTH;9
000753;TEEN TITANS;4
000754;ALONE IN THE DARK;0
000755;NBA STREET VOL 2;0
000756;AND 1 STREETBALL;0
000757;XMEN NEXT DIMENSION;8
000758;PATO DONALD CUAC ATTACK?;0
000759;SURF S UP;0
000760;FUTBOL BRAZILEÑÑO 2007 2008 MARTIS MORENO;0
000761;CRAZY TAXI;7
000762;SUPER TRUCKS RACING;0
000763;RESIDENT EVIL OUTBREAK FILE 2;7
000764;GUITAR HERO 2 SHORTYS CUSTOM SONG!!;8
000765;MADDEN NFL 09 ;0
000766;NCAA FOOVALLL 09;0
000767;DEUX EX;0
000768;RAYMAN M;10
000769;SNOOPY THE RED BARON;7
000770;GUITAR HERO 2 PRESS BUTTOM EILDLY;0
000771;MORTAL KOMBAT ULTIMATE;0
000772;SOLDIER OF FORTUNE GOLD EDITION;0
000773;MLB POWER PROS;0
000774;NBA BALLERS;0
000775;ROBOTECH BATTLECRY;0
000776;MAX PAYNE ;10
000777;ESPN 2K5 NBA;0
000778;JUICED  ;8
000779;CYCLONE CIRCUS;0
000780;ATARY ANTHOLOGY;8
000781;NBA STREET V3;0
000782;DINO STALKER;0
000783;SUNSOFT COLLECTION;0
000784;TWIN CALIBER;0
000785;SARGES WAR ARMY MEN;7
000786;CASTELVANIA LAMENT OF INOCENCE;7
000787;SUMMER ATHETICS;8
000788;THE KING OF FIGHTERS 98 ULTIMATE MACH;0
000789;ALIEN VS DEPREDATOR EXTINCION DVD;9
000790;WOODY WOODPECKER EL PAJARO LOCO;0
000791;ARMY MEN AIR ATTACK 2;8
000792;CODE LYOKO QUEST FOR INFINITY;0
000793;ASTRO BOY;0
000794;REING OF FIRE;0
000795;SYBERIA;0
000796;GONDAM FEDERATION VS ZEON;0
000797;GLASS ROSE;0
000798;GUN GRAVE OVERDOSE;9
000799;ARMY MEN MAJOR MALFUNTION;8
000800;LEGEND OF SAYUKI;0
000801;THE GUY GAME;0
000802;MS SAGA A NEW DAWN;0
000803;INDIANA JONES Y LA TUMBA DEL EMPERADOR;7
000804;CURIOUS GEORGE;9
000805;TONY HAWK S PRO SKATER 4;7
000806;WORLD HEROES GORGEUS NEO GEO;0
000807;SCAR ALFA ROMEO;0
000808;CURSE THE EYE OF ISIS;0
000809;HACK PART 3 PUBREACK;0
000810;BLOODY ROAR 3;7
000811;PRYZM CHAPTER ONE THE DARK INICORN;0
000812;ULTIMATE MID GAMES;0
000813;PAC-MAN FEVER;8
000814;ACTION MAN ATOM;0
000815;SNK VS ARCADE CLASSICS VOL 1;0
000816;NHL 2005 EA SPORTS;0
000817;SINGSTAR POP HITS;0
000818;FIGHTERS MEGAMIX;0
000819;WRC EXTREME 2 RALLY;27
000820;GRAND THEFT AUTO VI EDITADO;17
000821;CITTY SOCCER CHALLENGE;0
000822;NANOBREAKER;0
000823;SUPER 4 EN 1 CRASH VITUAL TENIS  VIRTUAL FIGHTERS;0
000824;CAPCOM FUGHTERS MEGA MIX;0
000825;ENTHUSIA PROFESSINAL RACING;0
000826;ONE PIECE  PIRATES CARNIVAL;7
000827;MORTAL KOMBAT DEADLY ALLIANCE;8
000828;WALL.E DYNEY PIXAR;8
000829;THE SIMSONS SKATEBOARDING PATINETA DVD;9
000830;THE KING OF FIGHTERS 2002;0
000831;DOCTOR WHO;0
000832;LEGO RACER 2;8
000833;LUXOR PHARAOHS CHALLEGE;10
000834;DYNASTY WARRIOR 5 EMPIRES;0
000835;LA LEYENDA DEL TIGRE Y DRAGON;0
000836;JURASSIC PARL OPERATION;18
000837;SUPER BIKE SBK 08;0
000838;HARVEY VIRDMAN;0
000839;SEGA GENESIS EMLATOR ;0
000840;ALIAS AKLAM ;0
000841;ULTRAMAN 2;0
000842;PRINCE PERSIA TRILOGY 1,2,3;8
000843;PIMBALL HALL OF FAME;7
000844;JACKIE CHAN ADVENTURES;8
000845;ALONE IN THE DARK 2;8
000846;BMX XXX;10
000847;KATAMARI;0
000848;SEGA SUPER STAR;0
000849;DEFENDER;0
000850;MINITORY REPORT EVER;0
000851;PRO BEACH SOCCER;8
000852;BARROQUE;0
000853;LEGO INDIANA JONES;9
000854;IROMAN;8
000855;THE INCREIBLE HULK 2;0
000856;EURO 2008;0
000857;ROCK BAND ORIGINAL FUNCK 100%;6
000858;HD LOADER DVD NEGRO;0
000859;MORTAL KOMBAT SO REAL IT HURTS;8
000860;TRIBES AERIAL ASSAILT;0
000861;CABELAS MONSTER BASS;6
000862;PETZ CATS 2;8
000863;CAPCOM CLASSIC COLLECTION VOL 1;0
000864;KAO ROUND 2 THE KANGAROO;0
000865;DRAKENGARD;0
000866;CRAZY FROG RACER 2;10
000867;AERO ELITE COMBAT ACADEMY;0
000868;THE MUMMY JOMDRAGON EMPEROR;0
000869;COLLECCION 6 EN  1 TONY HANS 3 RALLY FUSION BLADE 2 MEDAL OF HONOR VANGUAR MORTAL KPMBAR;0
000870;KUNG FU PANDA;21
000871;DRAGON BALL Z AF;17
000872;GRAND THEFT AUTO SAN ANDREAS 2 RIO DE JANEIRO;16
000873;NBA STREET VOL 2;8
000874;NASCAR 2009;8
000875;CONAN EL NIÑO DEL FUTURO;0
000876;NARUTO COLLECION;0
000877;DANCE DANCE REVOLUTION SUPER NOVA 2;7
000878;FUN KART 2008 CRAZY CHICKEN;0
000879;FLUSHED AWAY AARDAMAM;0
000880;DKZ EDIT PES 2008;0
000881;LEGO BATMAN ;16
000882;NARINIA PRINCE CASPIAN;7
000883;STOCK CAR SPEEDWAY;0
000884;BATLE FOR PACIFIC HISTORY CHANEL;7
000885;GUITAR HERO AEROSMIT;10
000886;GUITAR HERO 2 MONTERS OF ROCK;0
000887;RACING ITALIANO;0
000888;SPACE CHIMPS;0
000889;DURO DE MATAR;0
000890;DRAGON BALL Z TENKAICHI 3 EN INGLES;9
000891;STAR WAR  THE FORCE UNLEASHED PAL;7
000892;MERCENARIOS 2;7
000893;PRO EVOLUTION SOCCER 6 CLAUSURA 08 1A 1B ARGENTINA;0
000894;DIEGO GO GO SAFARY;6
000895;MEGAMAN COLLECION;15
000896;7 SINS;7
000897;THE TING;0
000898;LEGENDS MARADONA PELE;0
000899;THE SIMS CASTAWAY;8
000900;BLACK HAWK DOWN;8
000901;BLACK HAWK DOWN THEAM SABRE;7
000902;OUTLAW GOLF 2;0
000903;SENGOKU BASARA ;0
000904;WINING ELEVENG CLAUSURA 08 + OPTION FILE;0
000905;FIFA 09 NTSC;0
000906;CRASH MIND OVER MUTANT;22
000907;TNA IMPACT;6
000908;FIFA 09 PAL;0
000909;PRO EVOLUTION SOCCER 09;0
000910;STAR WARS UNLEASHED NTSC;14
000911;SMACK DOWN VS RAW 2009 ;8
000912;NEED FOR SPEED UNDERCOVER;2
000913;CALL OF DUTY WOLRD AND WAR;13
000914;SECRET SEVICE;0
000915;MADAGASCAR 2 REGRESO A AFRICA;23
000916;QUANTUM OF SOLACE 7 BOMY JON;7
000917;JIMMY NEUTRON ATTACK OF THE TWO KIES;6
000918;DISNEY GOLF GUFFY;0
000919;FLIPNIC ULTIMATE PIMBAL;0
000920;KILLER 7;0
000921;TAK GUARDIANS GROSS;0
000922;ZONE OF THE ENDERS THE 2DS RUNNER;0
000923;BAJA 1000;8
000924;BEACH BOLLEBALL ;0
000925;FALLOUT BROTHERHOOD OF STEEL;0
000926;GUITAR HERO 1 ROCK BAND 2   EDIT;7
000927;POP CAP HITS! VOL 2;0
000928;GUITAR HERO METALLICA;7
000929;SHADOW  MAN 2;0
000930;CATWO MAN;0
000931;WORLD POKER 2008;0
000932;GUITAR HERO IPOX 4;6
000933;SWAT SIEGE;0
000934;REBEL RAIDERS OPERATION NIGTH;0
000935;ROMANCING SAGA;0
000936;SCALER;0
000937;WOMEN S VOLLEBALL CHAMPIONCHIP;7
000938;DANCE DANCE REVOLUTION X;8
000939;NHL 2K9 SPORTS;0
000940;BULLY CANIS CANEN EDIT 2;6
000941;TIGER WOODS PGA TOUR 09;8
000942;LEGENDARY ADVENTURES;7
000943;CABELAS DANGERIOUS HUNTS 2009;7
000944;DRUAGA THE NIGHTMARE OF;0
000945;OF ROAD;6
000946;APPLESEED EX;0
000947;UNA SERIE DE CATASTROFES DESDICHAS DE LEMONY SNICKET;0
000948;SEA MONSTERS ;7
000949;FERRARRI CHALLENGE PIRELLI;0
000950;STELLA DEUS;0
000951;SPONGEBOD SQUARENPANTS GLOBS OF DOOM;0
000952;MAKEN SHAO DEMOS SWORD;0
000953;EL ESPANTATIBURONES;0
000954;DYNASTY WARRIOR 6;0
000955;ISLAND XTREME STUNTS;7
000956;ONIMUSHA BLADE WARRIOS;0
000957;KINETICA;0
000958;DARK GLOUD 2;0
000959;GUITAR GOD;7
000960;MORTAL KOMBAT ANTOLOGY;7
000961;HEROES OF MIGHT AND MAGIC;0
000962;CASPER SPIRIT DIMENSIONS;0
000963;MYSTIC HEROES 2;0
000964;STAR WARS BOUNTY HUNTER;0
000965;A.C.E.THE FINAL 3;0
000966;SINGSTAR BOY BANDS GIRL BANDS;0
000967;ANUBIS;0
000968;GLADIUS;0
000969;KESSEN 3;0
000970;SLAI PHANTON CRASH;0
000971;PANZER DRAGOON SEGA AGES 2500;0
000972;DUAL HEARTS;0
000973;MOTO GP 08;7
000974;GUITAR HERO HACKED X;0
000975;V RALLY 3;8
000976;DARK ALLIANCE 2;0
000977;XENOSAGA EPISODE 1;0
000978;HORS ADVENTURES BARBIE;7
000979;GHOST IN THE SHELL;0
000980;GROWLANSER GENERATIONS;0
000981;SMACH COURT TENNIS PRO TOURNAMET 2 DVD;6
000982;DEMONT STONE;0
000983;MEGAMAN X COMMAND MISSION;7
000984;ROCK BAND TRAC PACK VOLUMEN 1;0
000985;MEGAMAN POWER BATLE COLLECION;0
000986;NITRO BIKE;0
000987;HEROES PACIFIC;8
000988;TOMB RAIDER UNDERWORLD;5
000989;PRO EVOLUTION SOCCER08/09 + PLUS;7
000990;AVATAR INTO THE INFERNO;7
000991;GUITAR HERO ANIME;7
000992;HIGH SCHOOL MUSICAL 3;15
000993;GUITAR HERO WORLD TOUR;7
000994;GUITAR HERO IRON MAIDEN;6
000995;BRATZ GIRLZ ROCK;8
000996;DRAGON BALL Z WORLS INFINTE;1
000997;NBA INSIDE 09;0
000998;SPIDERMAN SAHDOW;6
000999;WINNING ELEVENG 15 PORTUGUES 09;0
001000;ROCK BAND VOL 2;7
001001;HOSNTER HEROES;9
001002; ;7
001003;NBA 2K9;0
001004;SUPER PICK UPS ;0
001005;DISNEY SING IT;7
001006;BACKYARD WRESTLNG 2;7
001007;DORA EXPLORER JOURNEY PUERPLE PLANET;9
001008;HARD KNOCK HIGH;7
001009;SPECIAL FORCES;0
001010;HASBRO FAMILY GAME NIGHT;9
001011;GUITAR HERO ANUBIS;0
001012;HIGT SCHOOL MUSICAL SING HIT;0
001013;NBA LIVE 09;0
001014;GUITAR HERO STARS OF ROCK;7
001015;GUITAR HERO BALADAS POP;6
001016;GUITAR HERO CID;6
001017;TOTALLY SPIES;7
001018;BATMAN VENGEANCE;9
001019;DR DOLITTLE;7
001020;DORA SAVES THE MERMAIDS ;10
001021;HELLO KITTY;7
001022;TOUR DE FRANCE;7
001023;DANCE REVOLUTION DISNEY CHANNEL EDITION;7
001024;GUITAR HERO NIRVANA;9
001025;SEGA TENNIS;7
001026;SINGSTAR BOYBANDS GIRLS BANDS;15
001027;SHAUN WHITE SNOWBOARDING;7
001028;INUYASHA FEUDAL COMBAT ;9
001029;CRAZY FROG RACER;8
001030;SINGSTAR POP ;0
001031;FLAT OUT;6
001032;P4 PERSONA 4;9
001033;KINGDOM HEARTS 3 RE CHAIN OF MEMORIES DISNEY;8
001034;CRAZY TAXI;0
001035;BOMBASTIC;7
001036;FAMILY FEUD;6
001037;SHREK SUPER PARTY;9
001038;GTC AFRICA;7
001039;WWII BATTLE OVER EUROPE;7
001040;DANCE DANCE REVOLUTION SUPERNOVA 2;7
001041;THE TALE OF DESPEREAUX;9
001042;HANNAH MONTANA SPOTLIGHT WORLD TOUR;15
001043;SPEED RACER;6
001044;XGRA EXTREME G RACING ASSOCIATION;17
001045;BARBIE THE ISLAND PRINCESS;7
001046;SINGSTAR 80;0
001047;MONOPOLY;7
001048;LOS MUNDOS DE CORALINE;9
001049;ARMY MEN SOLDIERS;0
001050;GRAND THEFT AUTO SAN ANDREAS 3 SANTIAGO;0
001051;BEN 10 ALIEN FORCE;14
001052;MR. BEAN;7
001053;ROCK BAND AC DC TRACK PACK;7
001054;GARFIELD LASAGNA WORLD TOUR;6
001055;DORA SAVES THE SNOW PRINCESS;0
001056;MIB MEN IN BLACK;9
001057;HOKUTO NO KEN;0
001058;THE WATER HORSE LEGEND MI MONSTRUO ES UNA MASCOTA;0
001059;HITS VOL 2 POPCAP ;0
001060;VIP PAMELA ANDERSON;0
001061;DINOSAURS SHAPES Y COLORS;9
001062;MY HORSE Y ME 2;6
001063;SHREKS CARNIVAL CRAZE;0
001064;GUITAR HERO GOD 2,0;7
001065;WINNING ELEVEN 2009 PARCHE;0
001066;BOMBERMAN 3;8
001067;GUITAR HERO SEX Y DROGAS ROCK;9
001068;SQUAD;8
001069;VIEWTIFUL JOE ;0
001070;TRIVIAL PURSUIT;0
001071;VIEWTIFUL JOE 2;7
001072;INDIGO PROPHECY;0
001073;SAMURAI JACK THE SHADOW OF AKU;0
001074;BOLT;7
001075;WORMS 3D;11
001076;SPACE RAIDERS;7
001077;WINNING ELEVEN 17;0
001078;DRAGON BALL Z BUDOKAI TENKAICHI 2 VERSION LATINO;10
001079;SD GUNDAM FORCE SHOWDOWN;0
001080;GUITAR HERO SUICIDE;7
001081;GODAI ELEMENTAL FORCE;8
001082;JONNY MOSELEY MAD TRIX ;0
001083;MAXXED OUT RACING;0
001084;WWII SOLDIER;0
001085;ATV OFFROAD ALL TERRAIN VEHICLE;15
001086;MLB 09 THE SHOW;0
001087;ATV OFF ROAD FURY 3;8
001088;SHIJURO NO OKAMI;0
001089;AZUMI;0
001090;WILD WATER ADRENALINE SALOMON;0
001091;WWII TANK BATTLES ;0
001092;DRAGON BALL Z 2V;9
001093;RENOPLA COLECCIÓN;7
001094;JADE COCOON 2;0
001095;JET X 2 0;0
001096;GAUNTLET DARK LEGACY;0
001097;ARMY MEN GREEN ROGUE;0
001098;4 EN 1 MIAMI VICE PIRATES CARIBE 3 ZOMBIE;7
001099;MONSTERS VS. ALIENS;7
001100;FREEDOM FIGHTERS;7
001101;CAKE MANIA BAKER'S CHALLENGE;0
001102;SUPER ROBOT TAREN;0
001103;COPA SANTANDER LIBERTADORES WINNING ELEVEN;0
001104;SKYSCRAPER;0
001105;2K SPORTS MAJOR LEAGUE BASEBALL 2K9;0
001106;SING STAR POP HITS 40 PRINCIPALES;0
001107;FREE RUNNING;0
001108;THE NAKED BROTHERS BAND;0
001109;JAPA FIGHTERS 10 IN 1;0
001110;FUTBOL BRAZILERO RONALDO 09;0
001111;TONY HAWKS UNDERGROUND 2;0
001112;FIGHTERS MEGAMIX VOL.2;0
001113;GO DIEGO GO! THE GREAT DINOSAUR RESCUE;0
001114;SHADOW HEARTS FROM THE NEW WORLD;0
001115;ETERNAL POISON;8
001116;ARMY;0
001117;WINNING ELEVEN 14;0
001118;BEN 10 PROTECTOR;10
001119;WINNING ELEVEN +16;0
001120;RATCHET DEADLOCKED;0
001121;SHADOW OF ROME;0
001122;WINNING ELEVEN +17;0
001123;RATCHET DEADLOCKED;0
001124;SHADOW OF ROMA;0
001125;WINNING ELEVEN +18;0
001126;SCARLER;0
001127;CRASH COLECCIÓN 3 EN 1;7
001128;CHAMPIONSHIP PAINTBALL 2009;7
001129;TIME 6 EN1;0
001130;COLECCIÓN DE WORMS;7
001131;DDRMAX DANCE DANCE REVOLUTION ;7
001132;CAPCOM 4 EN 1;0
001133;GARO;0
001134;CY GIRLS 2;0
001135;BAD BOYS;0
001136;HEADHUNTER;8
001137;GSG9 ANTI-TERROR FORCE;0
001138;KING OF FIGHTERS  MAXIMUM IMPACT 1 ;0
001139;PIMP MY RIDE 2009;0
001140;TIME SPLITTERS 2;7
001141;WAR OF THE MONSTERS;0
001142;TRUE CRIME STREETS OF THE;0
001143;THE SNIPER 2;7
001144;RESIDENT EVIL 4 CHEATC EDITION;7
001145;PRO BULL RIDERS OUT OF THE CHUTE;0
001146;LEANDRO CBF X UEFA 2009;8
001147;CY GIRLS 1;0
001148;RONALDO BOMBA PATCH 5,0;0
001149;NARUTO ULTIMATE 4;13
001150;TORCIDAS FULURE 2009;0
001151;NIGHTSHADE;0
001152;SPY VS. SPY;18
001153;MICHIGAN REPORT FRON HELL;0
001154;ROGUE OPS;0
001155;MOTO GP 2;7
001156;GTA. GRAND THEFT AUTO SONIC RINGS;7
001157;GTA. GRAND THEFT AUTO ARMANGEDDON;9
001158;WOLVERINES REVENGE;7
001159;JIMMY NEUTRON BOY GENIUS JET FUSION;6
001160;ADIBOO Y LOS LADRONES DE ENERGIA;0
001161;LEGION THE LEGEND OF EXCALIBUR;0
001162;VEX ;0
001163;X-MEN ORIGENES WOLVERINE;6
001164;DINOSAUR DISNEY;9
001165;INSPECTOR GADGET;0
001166;CONFLICT ZONE;0
001167;SHAUN PALMER'S PRO SNOWBOARDER;0
001168;DRIVEN;0
001169;KYA DARK LINEAGE;0
001170;WRECKLESS;0
001171;GUNDAM 2 DYNASTY WARRIORS;0
001172;SUMMONER;0
001173;RAYMAN REVOLUTION;7
001174;SCOOBY DOO! NIGHT OF 100 FRIGHTS;7
001175;ANTZ EXTREME RACING;0
001176;GRAND THEFT AUTO SAN ANDREAS PTMG EDITION;0
001177;FRANKLIN A BIRTHDAY SURPRISE;0
001178;TOP GUN;8
001179;MONSTER RANCHER 4;0
001180;MX RIDER;9
001181;DAEMON SUMMONER;0
001182;GUILTY GEAR XX PLUS CORE ;0
001183;DROPSHIP FUERZAS UNIDAS POR LA PAZ;0
001184;EIGHTEEN 18 WHEELER AMERICAN PRO TRUCKER;0
001185;ULTRAMAN FIGHTING EVOLUTION REBIRTH;0
001186;SINSEIKI GPX FORMULA ROAD TO THE INFINITY 4;0
001187;HUNTER THE RECKONIN WARYWARD;0
001188;BALLSTIC BEANS! TELLY BELLY;0
001189;NBA JAM;0
001190;EVERBLUE;0
001191;MUSICA MAKER ROCKSTAR 2009;0
001192;PRO EVOLUTION SOCCER 2009 MIX RIVALS 2009 ACTU 150%;0
001193;POPSTAR GUITAR;0
001194;ZOMBIE ATTACK;0
001195;BACKYARD BASEBALL 10;0
001196;SPACE REBELLION;0
001197;SMACK DDOWN VS RAW AND FRIENDS VS 100% LUCHA;0
001198;GRAND THEFT AUTO GOTHAM CITY;7
001199;GRAND THEFT AUTO MOD BIOHAZARD BLACK EDITION;0
001200;GRAND THEFT AUTO CIUDAD DE DIOS;0
001201;WINNING POST WORLD 2009;0
001202;GUITAR HERO METALLICA ORIGINAL;7
001203;WORLD RALLY ENVOLIVEND CHAMPIOM CHIP NTSC ;7
001204;SSX ON TOUR;7
001205;ARCANA HEART 2;0
001206;PADRINOS MAGICOS BREAKIN DA RULES;7
001207;DAKAR PARIS 1;1
001208;POOL PARADISE BILLAR;9
001209;THE KING OF FOGTHER 2002 UNLIMITED MATCH;0
001210;SKI AND SHOOT;0
001211;EVOLUTION SNOWBOARDING;0
001212;7 BLADES;0
001213;SHORT TRACK RACING TRADING PAINT;0
001214;DEVIL SUMMONER 2 RAIDOU;0
001215;SWEET DREAMS GAME;0
001216;US OPEN 02;7
001217;1945 1 Y 2 THE ARCADE GAMES;0
001218;BARBARIAN;9
001219;GUITAR HERO 3 MOST WANTED;7
001220;ZONE OF THE ENDERS;0
001221;NIGHTS INTO OF DREAMS;0
001222;GRAND THEFT AUTO SUPERMAN;6
001223;PNAZER ELITE ACTION FIELDS OF GLORY;0
001224;ROBOT ALCHEMIC DRIVE RAD;0
001225;RPADDINGTON BEAR;0
001226;DR MUTO;0
001227;DICE DNA INTEGRATED;0
001228;SBK 09 SUPERBIKE WORLD;0
001229;HOMERUN  BASEBALL;0
001230;SOS THE FINAL ESCAPE;0
001231;WORLD DESTRUCION LEAGUE WARJETZ;0
001232;MONSTERS ING SKRAMMEOEN;0
001233;CRESCENT SUZUKI RACING;0
001234;ACTIVISION ANTHOLOGY;7
001235;LA SUMA DE TODOS LOS MIEDOS;0
001236;PHASE PARADOX;0
001237;GRAND THEFT AUTO 4 VEGETA;8
001238;GIANT ROBO;0
001239;WINNING ELEVEN 21;0
001240;URBAN EXTREME AUTOS;0
001241;CAPCOM FIGHTERS MIX  EN 1;0
001242;FALLING STARS;0
001243;GRAND THEFT AUTO 4 TROPA DE ELITE;6
001244;TOP MODEL GERMANY´S ;0
001245;GUITAR HERO ANIME 3 EVOLUCAO;8
001246;HANSEL Y GRETEL;0
001247;TAXI RIDER;0
001248;FRONT  MISSION 5;0
001249;GUITAR HERO LINKIN PARK;1
001250;TIGER WOODS PGA TOUR 10;0
001251;PRO EVOLUTION CLAUSURA PLUS 2009 + FILE;0
001252;GUITAR HERO 3 DCL VERSION;9
001253;GUITAR HERO CUSTOM EDITION VR.2;0
001254;GHOSTBUSTERS THE VIDEO GAME;6
001255;GUITAR GHERO SMASH HITS;7
001256;BUJIN GAI;0
001257;SINGSTAR SUMMER PARTY;0
001258;SINGSTAR AMPED;0
001259;SINGSTAR BEST OF DISNEY;0
001260;SINGSTAR LEGENDS;0
001261;HAVEN CALL OF THE KING;0
001262;LUCIFER´S CALL;0
001263;INDIANA JONES AND THE STAFF OF KINGS;7
001264;KUA DARK LINEAGE;0
001265;UP WALL DINEY;10
001266;HARRY POTTER AND HALF-BLOOD PRINCE;7
001267;TRANSFORMERS REVENGE OF THE FALLER ;8
001268;ICE AGE DAWN OF THE DINOSAURS  ;7
001269;GUITER HERO 2 ROCK CHILENO;10
001270;THE BATTLE OF YU YU HAKUSHO GHOST FILES 120/;0
001271;CABELAS DANGERIOUS HUNTS 2;9
001272;ROAD KILL;0
001273;NBA HOOPZ;0
001274;FIEVEL Y EL NUEVO MUNDO;0
001275;STEEL DRAGON EX;0
001276;QUE PASA ¡NENG! EL VIDEO JUEGO;0
001277;SURFFING AIR SHOW WITH RAT BOY;0
001278;INTERNATIONAL SUPER KARTS;0
001279;LARGO WINCH EMPIRE UNDER THREAT;0
001280;AZUR ASMAR;0
001281;EVANGELION;0
001282;LIGA BOLIVIANA PES 2009 ESPAÑOL MARTIS;7
001283;ARC THE LAD END OF DARNESS;0
001284;RACING BLADES;0
001285;MAZE ACTION;0
001286;BOMBA PATCH 5,3 JUNIO 09 WORLD SOCCER;0
001287;FULL METAL ALCHEMIST 3;0
001288;ETERNAL RING;0
001289;GHOSBUSTERS THE VIDEO GAME;6
001290;PORTAL RUNNER;0
001291;PACMAN POWER PACK -1-2- RALLY;13
001292;POKEMON;10
001293;FREESTYLE METAL X;7
001294;THE BIGS 2;0
001295;COLLOSSEUM ROAD TO FREEDOM REMIX;0
001296;NAMCO MUSEUM 50TH ANNIVERSARY;0
001297;TERMINATOR 3 RISE MACHINES;6
001298;ROCK BAND TRACK PACK CLASSIC ROCK;7
001299;7 EN 1 CONTRA -RAIDEN 3-ESPAGALUDA-GIGAWIN -GRANDIUS;0
001300;15 EN 1 SEGA AGES 2500 GOLDEN AXE SONIC;0
001301;GUITAR HERO ULTRA ROCK;0
001302;FINAL FIGHT CAPCOM;0
001303;PILOT DOWN BEHIND ENEMY LINE AVIONES;0
001304;MONSTER LAB;0
001305;THE KING OF FIGHTERS MAXIMUN X1;0
001306;G-FORCE DISNEY;8
001307;CID THE DUMMY;0
001308;MADDEN NFL 10;0
001309;G.I.JOE THE RISE OF COBRA;7
001310;NCAA FOOTBALL 10;0
001311;WINNING ELEVENG 2009 CLIB CHAMPIONSHIP;0
001312;ROCK BAND COUNTRY TRACK PACK;0
001313;ULTIMATE SNK FIGTING;0
001314;ULTIMATE CAPCOM FIGTING;0
001315;DDR FESTIVAL;0
001316;6 EN 1 ATARI TITO LEGENS CODE BREAKER NAMCO MUSEUM ANTOLOGY ACTIVICION;0
001317;DOOMSDAY RACERS;0
001318;WINNING ELEVENG 19 MIX PACCH;0
001319;MOTOR MAYHEM 2009;0
001320;WINNING ELEVENG 20 + PLUS;0
001321;TRUCK RACER;0
001322;SUPER NINTENDO 4;0
001323;GUITAR HERO 3 BRAZUCAS;9
001324;DANCE DANCE REVOLUTION SUPERNOVA 2 VERSION JAPONES;0
001325;PRO EVOLUTION SOCCER 09 CHESPIRITO;0
001326;SEGA RALLY CHAMPIONCHIP 1995;7
001327;PRO EVOLUTION SOCCER 09 SAMBA E BUTBOLWE BROTHERS;0
001328;ENERGY AIRFORCE;0
001329;ONEPIECE GRAND BATTLE!;7
001330;NASCAR DIRT TO DAYTONA;0
001331;KART RACER;9
001332;GIANTS CITIZEN KABUTO;0
001333;TIME CRISIS 2;0
001334;CEL DAMAGE OVERDRIVE;0
001335;SHOX AUTOS;5
001336;KAAN BARBARIAN S BLADE;0
001337;DANCE DANCE REVOLUTION SUPERNOVA 1 VERSION JAPONES;0
001338;WHIPLASH;0
001339;DEAD EYE JIM;0
001340;GUERRILLA STRIKE;0
001341;STAR WARS JEDI STARFIGHTER;0
001342;GUITAR HERO ROCK 80'S ENCORE FASTER;0
001343;MALICE ;0
001344;GUITAR HERO 2 GREATEST HITS VOL. 2;0
001345;GUITAR HERO ENCORE ROCK 80 HITS HACKERS EDITION;0
001346;GRAND THEFT AUTO SPIDER CITY;6
001347;MX SUPERFLY;7
001348;ACES OF WAR;0
001349;BLACK Y BRUISED;0
001350;PRO EVOLUTION SOCCER COPA SANTANDER LIBERTADORES 2009;0
001351;WINNING ELEVEN 22;0
001352;WINNING ELEVEN 23;0
001353;YU GI OH! GX TAG FORCE EVOLUTION  (ESP.);8
001354;DRAGON BALL Z BUDOKAI;7
001355;DRAGON BALL Z BUDOKAI 2;8
001356;10, 000 BULLETS;0
001357;MINNIGHT CLUB 3;7
001358;GUITAR HERO THC;10
001359;BURNOUT 2 PIONT OF IMPACT (ESP.);8
001360;ROCK BAND TRACK PACK VOLUME 2;0
001361;CIVIL WAR SECRET MISSIONS;7
001362;PETS DOGZ 2;5
001363;TERMINATOR DAWN OF FATE;7
001364;BLEACH 2;9
001365;GUITAR HERO 5;8
001366;ULTIMATE ALLIANCE 2;7
001367;SUPER SHOT SOCCER RED CARD (RELATOS EN ESP.);0
001368;WARHAMMER 40,000 FIRE WARRIOR;0
001369;CDF 2009-1 LIGA CHILENA 09;0
001370;CABELAS OUTDOOR ADVENTURES;9
001371;RACING EVOLUTION ;0
001372;SHIFTERS COMBAT TAKES;0
001373;JUMANJI;6
001374;SECRET OF EVANGELION;0
001375;FIFA 2010;0
001376;SCOOBY DOO MISTERIO COMECA;2
001377;TURTLES SMACS UP;7
001378;PRO EVOLUTION SOCCER 2010;0
001379;THE 3 PLAN;0
001380;TENCHU LA COLERA DIVINE;0
001381;EDEN;0
001382;FOREVER KINGDOM;0
001383;MINNIGHT CLUB 2;7
001384;SPYRO A HEROS TAIL;0
001385;DIE HARD VENDETTA;0
001386;COLLEGE HOOPS 2K 6;0
001387;SUPERBIKES REAL ROAD RACING CHAMPIONCHI;0
001388;NEED FOR SPEED MOST WANTED;7
001389;SPACE WAR ATTACK;0
001390;WAY OF THE SAMURAI 2;0
001391;KELLY SALTER S PRO SURFER;0
001392;BATTLE OF SUNRISE;0
001393;TY 3 THE TASMANIAN TIGER NIGHT OF THE QUINKAN;0
001394;WINX CLUB;9
001395;INDY CAR SERIES 2005;0
001396;GUITAR FREAKS DRUM MANIA V V ;0
001397;PINOCCHIO PINOCHO WALDT DISNEY;0
001398;NHL 2K10 ;0
001399;FULL SOCCER COLLECION 2010;0
001400;ZOIDS TACTICS;0
001401;SHREK COLLECION;8
001402;TETRIS WORLDS;7
001403;NBA 2K10;0
001404;PANZER ELITE ACTION ;0
001405;STARSKY Y HYTCH;0
001406;KID MUSCULO 2;0
001407;STAR WARS CLONE WARS REPUBLIC;16
001408;SMACK DOWN VS RAW 2010;12
001409;WINNING ELEVEN 25 ;8
001410;DARK ANGEL;0
001411;THE ORIGINAL DIABOLIK SIN;0
001412;MICHAEL JACKSON´S MOONWALKER;9
001413;MARIO COLLECTION YHOSHI;7
001414;MOTOR STROM MOTOS ;15
001415;BAKUGAN;16
001416;CARS RACE OF RAMA;8
001417;PRO EVOLUTION SOCCER PEKEWORLD 5 + CLAUSURA 2009;0
001418;PRO EVOLUTION SOCCER CLAUSURA 2009;0
001419;PRO EOVLUTION SOCCER APERTURA 2009;8
001420;DRAGON BALL Z KING KING;9
001421;SUPER SQUAD MARVEL;6
001422;MIDWAY ARCADE TREASURES 2;0
001423;THE SECRET SATURDAYS BEATES OF THE 5 SUN;0
001424;MIDWAY ARCADE TREASURES 3;0
001425;SUPER PUZZLE BOBBLE;9
001426;LIVING WORLD RACING;0
001427;ASTRO BOY THE VIDEO GAME;0
001428;PRO EVOLUTION SOCCER 2010 ORIGINAL;0
001429;FIFA 2010 ORIGINAL;0
001430;BEN 10 ALIEN FORCE VILGAX ATTACKS;15
001431;END GAME;0
001432;DANCE DANCE REVOLUTION X2;0
001433;BLITZ THE LEAGUE;0
001434;PETER PAN LA LEYENDA DE NUNCA JAMAS;0
001435;DRAG RACER USA;0
001436;SIREN FORBIDDEN;0
001437;GUITAR HERONONO EDITION;0
001438;HERDY CERDY;0
001439;WORLD RACING;0
001440;HIDEN INVASION;0
001441;FIREFIGHTER F D 18;0
001442;FERRARI F355 CHALLENGE;0
001443;TRAPT;0
001444;FUTBOL PERUANO DECENTRALIZADO 2009;0
001445;JAK AND DAXTER THE LOST FRONTIER;0
001446;X TREME QUADS;0
001447;MIKE TYSON;0
001448;SING STAR 905;0
001449;ROCK BAND GUITAR HERO 2;7
001450;NARUTO SHIPPUDEN ULTIMATE NINJA 5;6
001451;WINNING ELEVEN 2010;0
001452;GUITAR HERO THE BEATLES;7
001453;ROCK BAND 2;0
001454;GUITAR HERO 3 SLIPKNOT;7
001455;HOMURA;0
001456;IRR IRIDIUM RUNNERS;0
001457;STEALTH FORCE;0
001458;BEATS OF RAGE;0
001459;AIR RAID 3;0
001460;KUON ;0
001461;DORA SAVES THE CRYSTAL KINGDOM;9
001462;SILENT HILL SHATTERED MEMORIES;16
001463;BOMBERMAN KART;6
001464;HARD HITTER TENNIS;0
001465;JURASSIC THE HUNTED;8
001466;HUGO THE TROLL WOODS;0
001467;ALIENS THE ATTIC;0
001468;RESIDENT EVIL OUTBREAK FILE 1 (ESPAÑOL);10
001469;MUSTANG FORD;7
001470;SUPER MARION SUPER NINTEDO 5;7
001471;THE MARK OF CRI;0
001472;SLOT CAR THUNDER;0
001473;"GUITAR HERO CUMBIA ""THE CUMBIA HERO""";2
001474;PES 2010 CAMPEONES SUPREMOS;0
001475;GUITAR HERO GUNS N ROSES;8
001476;NEED FOR SPPED CARBON COLLECTION EDITION;8
001477;GUITAR GHERO LEGEND OF ROCK RED HOT CHILI PEPPERS;6
001478;DRAGON BALL 10 EN 1 BUDDA WHAT COLLECTION;9
001479;DOOMSOAY RACERS;0
001480;DJ HERO;0
001481;RIDING SPIRITS;0
001482;3 EN 1 RALLY FUSION BLADE TONY HAWK S 3;7
001483;GUITAR  HERO SYSTEM OF A DOWN;7
001484;WORLD CUP VENUS EVOLUTION VOLLEYBALL;0
001485;FROM RUSSIA WITH LOVE 007;0
001486;DEVIL KINGS;0
001487;XENA WARRIOS PRINCESS;0
001488;CONTRA SHATTERED SOLDIER;0
001489;MUPPETS PARTY CRUISE;0
001490;WORLD CHAMPIONCHIP CARDS;0
001491;SEGA COLLECTION;0
001492;GARFIELD COLLECTION 4 EN 1;0
001493;GUITAR HERO EDICION SPÑP PARA EXPERTOS POP ROCK BALADAS;8
001494;SMUGGLERS RUN HOSTILE TERRITORY;0
001495;GRAND TURISMO 2000 ;0
001496;ESTRELLAS DEL FUTBOL PES 2010 MEGA PATCH;0
001497;CASTELVANIA COLLECTION;9
001498;GUITAR HERO STYLE;0
001499;SPLINTER CELL STEALTH ACTION REDEFINED;8
001500;DODONPACHI DAI OU JOU;0
001501;ROBIN HOOD DEFENDER OF THE CROWN;0
001502;WINNING ELEVENG BOMBA PACTCH 4.4;4
001503;F1 GRAND PRIX CHALLENGE FORMULA 1;7
001504;KING ROUTE 66;0
001505;STREEF RACING SYNDICATE SRS;10
001506;MAKAI KINDOM;0
001507;BOMBERMAN GENERATION 4;8
001508;LE MANS 24 HORS;7
001509;RUN LIKE HELL HUNT OR BE HUNTED RLH;0
001510;DODGEBALL;0
001511;RACING COLLECTION;0
001512;GUITAR HERO EUFORIA;8
001513;WINNING ELEVEN BOMBA PATCH 13 X GAMELAND 2010;0
001514;WINNING ELEVEN BOMBA PATCH 13;0
001515;BOMBERMAN PER HABALL;0
001516;TWISTY METAL BLACK DEAD ON;6
001517;DRAGON BALL Z TENKAICHI 3 VERSION LATINO;16
001518;WINNING ELEVEN SOUTH AFRICA 2010;0
001519;NAMCO FIGHT COLLECTION;0
001520;RETRO COLLECTION;0
001521;SCUMM VM;0
001522;OKAGE SHADOW KING;0
001523;FORD RACING 3;7
001524;HUNGRY GHOSTS;0
001525;AMERICA'S MOST WANTED;0
001526;CARTOON MANIA 8 EN 1;0
001527;ANIME FIGHT COLLECTION 10 EN 1;0
001528;PRO EVOLUTION SOCCER 2010 PBG;0
001529;GUITAR HERO 70'S 80'S 90'S;7
001530;WAY OF THE SAMURAI;0
001531;THE KING OF FIGHTER  2000 / 2001;0
001532;SYPHON FILTER LOGAN'S SHADOW;0
001533;DANCING STAGE MAX;0
001534;CRIMSON TEARS;0
001535;STREET FIGHTER EX 3;0
001536;AGE OF EMPIRES 2 THE AGE OF KINGS(CD);0
001537;GUITAR HERO KATRINA;0
001538;GUERREROS DEL FUEGO;0
001539;GUITAR HERO ANIME 4 HERO;0
001540;YAKUZA FURY;0
001541;CUBIX ROBOTS FOR EVERYONE;0
001542;ABYSS;0
001543;TEKKEN 5 COLLECTION MORTAL ;0
001544;GIGAWING GENERATIONS;0
001545;DEADLY  STRIKE;0
001546;BOMBA PACTH 18 FUTBOL;0
001547;PRO EVOLUTION SOCCER 2010 PBG VOL 2;0
001548;WINNING ELEVENG 35;0
001549;WINNING ELEVENG 36;0
001550;PUMPED Y PRIMED APE ESCAPE;0
001551;MULAN MIGHTY;0
001552;JOJO´S BIZARRE ADVENTURE;0
001553;DESPICABLE ME THE GAME;14
001554;RPM TUNING AUTOS;9
001555;MICRO MACHINES;14
001556;TRIZEAL NAVES AVIONES;0
001557;ONE PIECE ROUND THE LAND;8
001558;SYLPHEED AVIONES;0
001559;ASTERIX Y OBELIX XXL 2 MISSION LAS VEGUM;7
001560;ADVENTURE ISLAND THE BEGINNING;0
001561;EXTREME SPRINT 3010;0
001562;ASSAULT COLLECTION 10 EN 1;0
001563;LETHAL SKIES ELITE PILOT AVIONES NAVES;0
001564;SOL DIVIDE Y DRAGON BLAZE;0
001565;PSYVARIAR 2 THE WILL TO FABRICATE;0
001566;007 AGENT UNDER HITMAN 2 2 EN 1;0
001567;GUITAR HERO 3 TERMINATOR;0
001568;MBL THE SHOW 10;0
001569;EVER GLAZE;0
001570;DUEL MASTERS;0
001571;CAPCOM SNES CLASSICS;0
001572;GET BACKERS DAKKANYA;0
001573;DONKEY KONG TRILOGY;8
001574;MOUSE TROPHY;0
001575;R Y B SING STAR;0
001576;GUITAR HERO PINK FLOYD;0
001577;GUITAR HERO AVRIL LAVINGNE;10
001578;MADAGASCAR COLECCIÓN;8
001579;ICA SHADOW OF THE COLOSSUS 2 EN 1;7
001580;GRAND TURISMO 4 PROLOGUE;8
001581;COPA SANTANDER LIBERTADORES WINNING ELEVEN 2010;0
001582;THE POWERPUFF GIRL RELISH RAMPAGE;8
001583;GUITAR HERO VAN HALEN;9
001584;TOY STORY 3 RACER;8
001585;EL SEÑOR DE LOS ANILLOS AVENTURAS DE ARAGORN;0
001586;OTLAW TENNIS ;0
001587;EL LIBRO DE LA SELVA MUEVETE CON RITMO;0
001588;DRAGON RAGE;0
001589;DRAGON BALL Z;0
001590;PRO EVOLUTION SOCCER 2011  SOLO STAR 2.0;0
001591;FIFA 2011  FIFA 11;8
001592;PES 2010 LFP LIGA BOLIVIANA AFA ARGENTINA CNS AMERICA;0
001593;BATTLE GEAR 3;7
001594;RS3 RACING SIMULATOR THREE;0
001595;BUSOU RENKIN;0
001596;MOTOR SIEGE WARRIORS OF PRIMETIME;0
001597;EXTREME ACTION 3 EN 1;0
001598;ALARM FOR COBRA 11 HOT PERSUIT;0
001599;SECOND SIGHT DEADLY STRIKE;0
001600;BEN HUR BLOOD OF BRAVES;8
001601;SPHINX AND THE CURSED MUMMY;0
001602;BATTLE ENGINE AOUILA;0
001603;THE X FILES RESIST OF SERVE;0
001604;PITFALL THE LOST EXPEDITION;0
001605;PRO EVOLUTION SOCCER 2010 VS FIFA 10 ;0
001606;NCAA FOOTBALL 11;0
001607;MADDEN NFL 11;0
001608;GRAND THEFT AUTO IV EDIT SAN ANDREAS;0
001609;SMACK DOWN VS RAW 2011;4
001610;PRO EVOLUTION SOCCER 2011  PES 11;0
001611;BEN 10 ULTIMATE ALIEN COSMIC DESTRUCTION;16
001612;NBA 2K11;10
001613;DISNEY SING IT PARTY HITS;10
001614;TOY STORY 3 AVENTURA;18
001615;PRO EVOLUTION SOCCER 2011 PES 11 LATINO + OF (1CD);0
001616;DUNE FRANK HERBERT`S;0
001617;WALLACE & GROMIT IN PROYEC ZOO;0
001618;GUITAR HERO II UP;0
001619;LETHAL SKIES II;8
001620;CAPTAIN SCARLET;0
001621;HUGO AGENT HULA HOLIDAY;15
001622;DIE HARD WITH VENGEANCE;0
001623;PRO EVOLUTION SOCCER 2011 COPA AMERICA 2011 BRASIL 2014;0
001624;EYE TOY GROOVE;0
001625;FORD RACING 2;0
001626;WRC WORLD RALLY CHAMPIONSHIP 2001;15
001627;WWE ALL STARS ;15
001628;PES 2011 CAMPEONES LEGENDARIOS;0
001629;DIGIMON RUMBLE ARENA 2;18
001630;COOL BOARDERS ALIEN;0
001631;KAENA THE PROPHECY;0
001632;THE DUKES OF HAZZARD RETURN OF THE GENERAL LEE;0
001633;PIRATES THE LEGEND OF BLACK KAT;0
001634;WINNING ELEVEN BRASIL 2014;0
001635;INDYCAR SERIES;0
001636;DISNEY PIGLET'S BIG GAME;10
001637;SECRET WEAPONS OVER NORMANDI;0
001638;AGASSI TENNIS GENERATION;0
001639;CORVETTE 50;0
001640;WINTER X GAMES SNOWBOARDING;0
001641;BEVERLY HILLS COP;0
001642;6 EN 1 ACCION LETAL (THE THING- TEKKEN TAG- VIRTUA TENNIS 2- GOD HAND- MARVE VS CAPCOM 2- BLOWOUT);8
001643;CRISIS EVIL 2;18
001644;3 EN 1 (BLACK - LEGO BATMAN - MARVEL VS CAPCOM 2);8
001645;DISNEY 101 DALMATAS 3;0
001646;GOLDEN AGE OF RACING;0
001647;CODE MASTER RACING;0
001648;OBSCURE;8
001649;SPAW ARMAGEDOM;18
001650;GUITAR HERO ROCK NACIONAL ARG.;0
001651;PREDATOR CONCRETE JUNGLE;18
001652;COLD WINTER;0
001653;FATAL FRAME COLECCIÓN;0
001654;VAMPIRE DARKSTALKERS COLLECTION;0
001655;ROLLING;0
001656;VIRTUAL RACING;0
001657;MOTORBIKE KING;0
001658;GUNSTAR HEROES;0
001659;BOMBERBAN BATTLES;0
001660;GOL DE PLACA 2011;0
001661;KIDS PLAYGROUND ALPHABET CIRCUS;0
001662;MEDAL OF HONOR AIRBORNE TROOPS;0
001663;MONSTER TRUX EXTREME OFF ROAD EDITION;0
001664;HOME ALONE (MI POBRE ANGELITO);0
001665;RALLY COLLECTION;0
001666;2 EN 1 (SILENT HILL ORIGINS - SILLENT HILL SHATTERED MEMORIES);0
001667;MONOPOLY PARTY;0
001668;RAHXEPHON;0
001669;5 EN 1 SUPER RACING COLLECTION ;0
001670;PRO EVOLUTION SOCCER 2011 GOD OF PES ARGENTINA 2011;0
001671;PRO EVOLUTION SOCCER 2012 PES 2012 SOLOSTARS TEAM 3.0;0
001672;2 EN 1 (GOD OF WAR 2 - KNIGHTS OF THE TEMPLE 2);0
001673;SUPER MARIO HACHS 2;10
001674;2 EN 1 (THE PUNISHER - BLOOD RAYNE 2);0
001675;GUITAR HERO PANDA;7
001676;GT-R TOURING;0
001677;PRO RACE DRIVER;0
001678;3 EN 1 (CASPER - REZ - MICRO MACHINES V4);0
001679;SUPER NINTENDO 3 EMULATOR GOLD;0
001680;GRAN TURISMO CONCEPT;10
001681;FIFA 20112 FIFA 12;0
001682;PRO EVOLUTION SOCCER 2012 PES 12;0
001683;SMACK DOWN 2012 WWE 12 PS2;0
001684;PES 2013 SOLO STARS TEAM;0
001685;GOD OF PES SOLO STARS TEAM 2012 LIGA ARGENTINA;0
001686;WORMS FORTS UNDERSIEGE;16
001687;FIFA 2013;8
001688;PRO EVOLUTION SOCCER 2013 PES 13 (ESP.);0
001689;MTV CELEBRITY DEATHMATCH;16
001690;FORBIDDEN SIREN VIVIENDA LA PESADILLA (ESP.);0
001691;FORBIDDEN SIREN 2 (ESP.);0
001692;THE SUFFERING TIES THAT BIND(LOS LAZOS QUE NOS UNEN) (ESP.);27
001693;ATV 2 QUAD POWER RACING;10
001694;RAINBOW SIX 3 (VOCES EN ESP.);0
001695;GLADIATOR SWORD OF VENGEANCE (VOCES EN ESP.);0
001696;SEGA SOCCER SLAM;0
001697;EVERYBODY'S GOLF (ESP.);0
001698;SPONGEBOB SQUAREPANTS THE MOVIE (VOCES EN ESP.);7
001699;BRATZ ROCK ANGELZ (VOCES EN ESP.);7
001700;MAME;0
001701;DANCING STAGE SUPERNOVA 2 (ESP.);0
001702;KINGDOM HEARTS 1 (ESP.);0
001703;KINGDOM HEARTS 2 (ESP.);0
001704;ACE COMBAT JEFE DE ESCUADRON;8
001705;EVIL TWIN CYPRIEN'S CHRONICLES ESP.;0
001706;TY THE TASMANIAN TIGER (VOCES EN ESP.);0
001707;PLAY IT CHESS CHALLENGER (ESP.);0
001708;DONALD DUCK PK (ESP.);0
001709;LOONEY TUNES SPACE RACE, CHICKEN LITTLE Y WORMS 3D;0
001710;SOLDIER OF FORTUNE EDICION GOLD  (ESP.);0
001711;THE SUM OF ALL FEARS ELITE TACTICAL COMBAT (VOCES EN ESP.);0
001712;DARK ALLIANCE (ESP.);0
001713;GHOST HUNTER (ESP.);0
001714;PROJECT ZERO (ESP.);0
001715;PROJECT ZERO 2 (ESP.);0
001716;PROJECT ZERO 3 (ESP.);0
001717;DANCING STAGE FUSION (ESP.);0
001718;APE SCAPE (VOCES EN ESP.);0
001719;NIHAO KAI-LAN SUPER GAME DAY;0
001720;KNIGHTS OF THE TEMPLE INFERNAL CRUSADE (VOCES EN ESP.);0
001721;LASSIE;0
001722;RESIDENT EVIL SURVIVOR 2 CODE: VERONICA;0
001723;CUE ACADEMY SNOOKER POOL BILLIARDS;0
001724;ALIEN HOMINID;0
001725;SUPER MONKEY BALL;0
001726;NFL STREET 2;0
001727;SEVEN SAMURAI;0
001728;PRO EVOLUTION SOCCER 2013 RELATOS FOX SPORTS;0
001729;PRO EVOLUTION SOCCER 2014 3,0 PES 14;0
001730;WORMS BLAST ESP;8
001731;VAMPIRE NIGHT (VOCES EN ESP.);7
001732;JAK 2 RENEGADE (VOCES EN ESP.);0
001733;ODIN SPHERE (ESP.);8
001734;BARBIE EN LA PRINCESADE LOS ANIMALES (VOCES EN ESP.);10
001735;GUITAR HERO ANIME 2;0
001736;TALES OF THE ABYSS (ESP.);8
001737;DANCING STAGE SUPERNOVA (ESP.);0
001738;NATIONAL GEOGRAPHIC SAFARI ADVENTURES AFRICA (VOCES EN ESPAÑOL);0
001739;APE SCAPE 3 (VOCES EN ESP.);0
001740;TENCHU WRATH OF HEAVEN (LA COLERA DEL CIELO ESP.);0
001741;BUBBLE BOBBLE;8
001742;DESTROY ALL HUMANS! ONE GIANT STEP PN MANKIND (ESP.);0
001743;SECRET AGENT CLANK (VOCES EN ESP.);0
001744;SOCOM 2 U.S. NAVY SEALS (VOCES EN ESP.);0
001745;DOGZ;0
001746;NBA 2K12;21