000001;CALL OF DUTY 3;Wii;9
000002;MONSTER 4X4;Wii;6
000003;DISNEY´S THE ROBINSONS;Wii;3
000004;DRAGON BAL Z TENKAICHI 2;Wii;6
000005;EXCITE TRUCK;Wii;0
000006;MARIO PARTY 7;Wii;0
000007;MEDAL OF HONOR VANGUARD;Wii;14
000008;METAL SLUG ANTOLOGY;Wii;13
000009;MONSTER 4X4;Wii;8
000010;PRINCE PERSIA RIVAL SWORDS;Wii;7
000011;REDSTEEL;Wii;10
000012;SPONGE BOB SQUARENPANTS;Wii;8
000013;SSX BLUR;Wii;7
000014;SUPER PAPER MARIO;Wii;5
000015;TMNT;Wii;4
000016;TONY HAWK´S DOWNHILL JAM;Wii;5
000017;TRAUMA CENTER SECON OPINION;Wii;4
000018;WARIO WARRE SMOOTH MOVES;Wii;4
000019;MORTAL KOMBAT;Wii;11
000020;SHREK THE THIRD TERCERO;Wii;7
000021;RESIDENT EVIL 4 WII EDITION;Wii;9
000022;POKEMON BATLE REVOLUTION;Wii;6
000023;MADEN NFL 07;Wii;7
000024;RAYMAN RAVING RABBIDS;Wii;10
000025;SURF´SUP;Wii;6
000026;SCARFACE;Wii;4
000027;COOKING MAMA;Wii;7
000028;FARCRY VENGEANCE;Wii;3
000029;FANTASTIC FOUR RISE SILVER;Wii;7
000030;CHICKEN SHOOT;Wii;5
000031;SUPER SWING GOLF;Wii;6
000032;THE AVENTURAS BILLY MANDY;Wii;12
000033;THE SIMS  2 PETS;Wii;13
000034;BRUNSWICK;Wii;2
000035;ZELDA TWLICHE PRINCESS;Wii;13
000036;BIG BRAIN ACADEMY WII DREE;Wii;6
000037;WII SPORTS ;Wii;24
000038;TUGER WOODS PGA TOUR 07;Wii;2
000039;DONKEY KONG BARREL BLAST;Wii;11
000040;BOOGIE;Wii;7
000041;SPIDERMAN 3;Wii;5
000042;WII PLAY;Wii;9
000043;ANTY BULLY;Wii;3
000044;APONGEBPB SQUARENPANTS CREATURE ;Wii;6
000045;ALIEN SYNDROME;Wii;6
000046;BUST A MOVE BASH!;Wii;4
000047;BLAZING ANGELS;Wii;3
000048;TRANSFORMES;Wii;11
000049;RATATOUILLE;Wii;13
000050;HARRY POTHER;Wii;11
000051;THE BIGS;Wii;8
000052;MARIO STRIKERS CHARGERD FOOTBALL;Wii;17
000053;THRILLVILLE OFF THE RAIL RUSA;Wii;5
000054;NICKTOONS ATTACK OF THE TOYBOTS;Wii;9
000055;HEATSEEKER ;Wii;4
000056;TONY HAWK´S PROVING GROUND;Wii;11
000057;SPYRO THE ETERNAL NICHT;Wii;4
000058;ZACK Y WIKI FOR BARBAROS TREASURE ;Wii;7
000059;TABLE TENNIS ROCKSTAR GAMES;Wii;7
000060;VICTORIOUS BOXERS REVOLUTION;Wii;9
000061;AVATAR THE LAST AIRBENDER;Wii;7
000062;BILLY THE WIZARD ROCKET BROOMSTICK RACING;Wii;8
000063;CRASH OF THE TITANS;Wii;8
000064;BALLS OF FURY;Wii;9
000065;BLEACH ESPADAS ESPADAS;Wii;5
000066;SPLINTER CELL DOUBLE AGENT ;Wii;18
000067;DRIVER PARALLELLINES;Wii;5
000068;CHICKEN LITTLE ACE IN ACTION;Wii;19
000069;DEWY´S ADVENTURE;Wii;10
000070;CARNIVAL GAMES OVER 25 GAMES;Wii;5
000071;MY SIMS;Wii;5
000072;NINJABREAD MAN;Wii;9
000073;RAPALA TOURNAMENT FISHING;Wii;6
000074;SONIC AND THE SECRET RINGS;Wii;5
000075;POKER ALL IN WORLD CHAMPION;Wii;5
000076;SPIDERMAN FRIEND OR FOE;Wii;13
000077;ELEBITS ;Wii;8
000078;THE GODFATHER BLACHAND EDITION;Wii;5
000079;TIGER WOODS PGA TOUR 08;Wii;15
000080;ROCK´ROLL ADVENTURES;Wii;10
000081;LOONEY TUNES ACME ARSENAL;Wii;9
000082;POOL PARTY;Wii;6
000083;FIFA 08;Wii;4
000084;ICE AGE 2 ERA DEL HIELO;Wii;11
000085;ULTIMATE ALLIANCE;Wii;2
000086;METROID PRIME  CORRUPTION;Wii;9
000087;LEGEND OF THE DRAGON;Wii;6
000088;MADDEN NFL 08;Wii;1
000089;MBL POWER PROS;Wii;6
000090;BUG ISLAND ESCAPE FROM;Wii;4
000091;GUILTY GEAR XX CORE;Wii;2
000092;DRAGON BALL Z SPARKING METEOR;Wii;13
000093;MANHUNT 2;Wii;7
000094;PLAYGROUND;Wii;6
000095;BACKYARD FOOBALL 08;Wii;3
000096;MERCURY MELTDOWN REVOLUTION;Wii;8
000097;NARUTO SHIPPUDEN GEITO NINJA TAISEN EX;Wii;10
000098;NEED FOR SPIEED CARBON;Wii;12
000099;COUNTER FORCE;Wii;9
000100;LEGO STAR WARS;Wii;17
000101;MARIO GALAXI;Wii;16
000102;BEEN 10 PROTECTOR;Wii;5
000103;STAR TRECK CONQUEST;Wii;13
000104;RESIDENT UMBRELLA CHRONICLES;Wii;7
000105;MARIO SONIC;Wii;8
000106;DANCING WITH STAR;Wii;4
000107;FIRE EMBLEM ;Wii;2
000108;ASTERIX EN LOS JUEGOS OLIMPICOS;Wii;10
000109;TRAUMA CENTER 2;Wii;4
000110;GALAXIES;Wii;2
000111;NARUTO 2;Wii;6
000112;GUNDAN;Wii;5
000113;CARS 2;Wii;8
000114;BRATS MOVIE;Wii;11
000115;BACK YARD;Wii;8
000116;LINK CROSSROW;Wii;5
000117;BOULING PIBUSTER;Wii;7
000118;FISHINS MASTER;Wii;9
000119;CRANWM KABOOKI;Wii;9
000120;MY WORLD COACH;Wii;7
000121;SMAUTY PANTS;Wii;9
000122;SUPER MONKEY BALL;Wii;11
000123;DRAGON BALL Z TENKAICHI 3;Wii;6
000124;HIGH SHOOL MUSIC;Wii;18
000125;WING ISLAND;Wii;6
000126;RAYMAN RAVING RABBIDS 2;Wii;8
000127;THE GOLDEN COMPAS;Wii;5
000128;TOM RAIDER ANIVERSARY;Wii;4
000129;GUITAR HERO III;Wii;12
000130;MYTH MAKERS ORBS OF DOOW;Wii;8
000131;HOT WHEELS BEAT THAT;Wii;12
000132;HANNAH MONTANA;Wii;9
000133;INDIANAPOLIS 500 LEGENDS;Wii;6
000134;MEDAL OF HONOR HEROES 2;Wii;5
000135;NFS FOR SPEED PRO STREEF;Wii;3
000136;NAMCO;Wii;0
000137;CABELAS BIG;Wii;2
000138;SMACK DOW 2008;Wii;0
000139;JUMPER;Wii;2
000140;THE SPIDERWICK CHRONICLES;Wii;9
000141;B WII BATTALLON WARS 2;Wii;6
000142;LUXHOR PHARAOH;Wii;11
000143;DESTROY ALL HUMANS;Wii;12
000144;BOMBERMAN LAND;Wii;4
000145;PIMP MY RIDE;Wii;6
000146;LONDON TAXI;Wii;8
000147;SUPER SMASH BROSS;Wii;11
000148;SAFARI RESCUE;Wii;10
000149;CSI CRIME;Wii;5
000150;NO MORE HEROES;Wii;5
000151;NBA LIVE 08;Wii;4
000152;AGATHA CHRISTIE AND THEN THERE WERE NONE;Wii;4
000153;THE SIMSPSONS GAME;Wii;7
000154;BEE MOVIE GAME;Wii;8
000155;SEGA SUPERSTARS TENNIS;Wii;3
000156;NARUTO CLASH OF NINJA REVOLUTION;Wii;10
000157;THE SIMS 2 CASTAWAY;Wii;11
000158;SOUL CALIBUR LEGENDS;Wii;6
000159;PRO EVOLUTION SOCCER 08;Wii;10
000160;OFFROAD EXTREME;Wii;8
000161;COSMIC FAMILY;Wii;5
000162;HOOKED! REAL MOTION;Wii;5
000163;OBSCURE THE AFTERMACH;Wii;6
000164;PRO EVOLUTION SOCCER 09;Wii;0
000165;GO WEST;Wii;7
000166;MARIO PARTY 8;Wii;6
000167;GHOST SQUAD;Wii;1
000168;MARIO KART;Wii;18
000169;SUPER SMASH BROS  BRAWL DVD 8 ESP.;Wii;0
000170;DECA SPORTS;Wii;6
000171;EMERGENCI MAYHEM;Wii;6
000172;FAMILY SKI;Wii;5
000173;NITRO BIKE;Wii;11
000174;WORMS;Wii;5
000175;SEGA BASS FISHING;Wii;7
000176;ALVIN AND THE CHIPMUNK;Wii;6
000177;PAPER MARIO;Wii;10
000178;SPY GAMES ELEVATOR MISION;Wii;6
000179;NIGHTS JOURNEY OF DREAMS;Wii;4
000180;MX VS ATV UNTAMET;Wii;5
000181;SUPER MARIO COLECCIÓN SPORT;Wii;4
000182;PUPPY LUV;Wii;12
000183;ZELDA COLLECCION;Wii;0
000184;ONE PIECE UNLIMITED ADVENTURE;Wii;7
000185; JENGA WORL TOUR;Wii;7
000186;BIG BEACH SPORT;Wii;7
000187;BOOM BLOX;Wii;6
000188;CASTLE OF SHIKIGAMI III;Wii;12
000189;DEATH JR;Wii;3
000190;DREAM PIMBALL;Wii;5
000191;EMERGENCY HEROES;Wii;2
000192;GEORGE OF THE LA JUNGLE;Wii;11
000193;SECRET FILES TUGUSKA;Wii;5
000194;PDC WORLD CHAMPIONSHIP DARTS;Wii;6
000195;GO WETS;Wii;5
000196;PIMBALL HALLOF FAME;Wii;6
000197;SEA MONSTERS ;Wii;4
000198;SONIC RIDERS ZERO GRAVITY;Wii;1
000199;THE DOG ISLAND;Wii;1
000200;ANUBIS II;Wii;2
000201;THE HOUSE OF THE DEAD;Wii;6
000202;BATTLE OF THE BANDS;Wii;7
000203;SPEED RACER ;Wii;7
000204;LAS CRONICAS DE NARNIA PRINCIPE DE CASPIAN;Wii;12
000205;KUNG FU PANDA;Wii;7
000206;IRONMAN;Wii;12
000207;LEGO INDIANA JONES ;Wii;10
000208;TRIXIE IN TOYLAND;Wii;8
000209;2K SPORD  MAJOR LEAGUE BASEBLL 2K8;Wii;6
000210;MINI COPTER ;Wii;7
000211;WWII ACES;Wii;5
000212;WACKY RACES;Wii;2
000213;WALL.E;Wii;13
000214;WII FIT ;Wii;5
000215;ALONE IN THE DARK;Wii;6
000216;BALLOON POP;Wii;7
000217;ULTIMATE DUCK HUNTING;Wii;10
000218;PUM PALS;Wii;7
000219;RESIDENT EVIL ZERO ;Wii;7
000220;AGENT HUGO;Wii;4
000221;BLAST WORKS;Wii;6
000222;FINAL FANTASY FABLES CHOCOBOS DUNGEON;Wii;5
000223;GODZILA UNLEASHED;Wii;3
000224;SPACE CHIMPS;Wii;8
000225;TAMAGOTCHI PARTY ON;Wii;15
000226;WE SKY;Wii;6
000227;WILD EARTH AFRICAN SAFARI;Wii;7
000228;NCAA FOOTBALL09 ALL PLAY;Wii;6
000229;WONDER WORLD AMUSEMENT PARK;Wii;7
000230;TARGENT TERROR;Wii;3
000231;WINTER SPORTS 2008;Wii;4
000232;RIG RACER2;Wii;3
000233;ARTIC TALE;Wii;8
000234;SUMMERSPORTS PARADISE ISLAND;Wii;6
000235;HARVEST MOON MAGICL MELODY;Wii;8
000236;MARIO PARTY456;Wii;0
000237;WOLF HUNTER HERO GOD;Wii;0
000238;HAMSTER HEROES;Wii;0
000239;HEVENLY GUARDIAN;Wii;10
000240;KAWASAKI SHOWMOBILES;Wii;7
000241;M & M KART RACING;Wii;11
000242;ONEECHAMBARA REVOLUTION;Wii;0
000243;THE MONKEY KING;Wii;0
000244;TIGER WOODS PGA TOUR ;Wii;0
000245;CRUIS,N;Wii;4
000246;ENDLESS OCEAN;Wii;6
000247;MULTI BOOT ;Wii;14
000248;GAME PARTY;Wii;9
000249;HARVEY BIRDMAN;Wii;6
000250;HULK;Wii;11
000251;GUITAR HERO AEROSMITH;Wii;10
000252;TOPSPIN3;Wii;14
000253;OPOOND;Wii;7
000254;STAR WARS UNLEAHED;Wii;12
000255;SPY FOX ;Wii;8
000256;MARIO SUPER SLUGERS;Wii;7
000257;SUMMER ATLETICS;Wii;1
000258;TABLE FOOTBALL;Wii;2
000259;LEGO BATMAN;Wii;9
000260;FAMILY PARTY 30 GRREAT GAMES;Wii;1
000261;RYGAR  THE BATTLE OFARGUS;Wii;4
000262;NHL 09;Wii;8
000263;AGATHA CHRISTIE EVIL UNDER THE SUN;Wii;6
000264;NASCAR KART RACING;Wii;8
000265;DANCE DANCE REVOLUTION HOTTEST PARTY 2;Wii;3
000266;JEEP THRILLS;Wii;6
000267;JEWEL MASTER CRADLE OF ROME ;Wii;14
000268;SIMS ANIMALS;Wii;13
000269;ISLAND SPORT PARTY SUMMER  2;Wii;8
000270;THE HOUSE OF THE DEAD OVERKILL;Wii;8
000271;ONECHANBARA BIKINI ZOMBIE SLAYERS;Wii;3
000272;IRON CHEF AMERICA;Wii;8
000273;ULTIMATE ISPY;Wii;3
000274;TENCHU SHADOW ASSASSINS;Wii;4
000275;THINK FAST ;Wii;4
000276;JAMES BOND QUANTIUM OF SOLACE 007;Wii;1
000277;TV SHOW KING PARTY;Wii;4
000278;CRASH MIND OVER MUTANT;Wii;8
000279;ROCK BAND 2;Wii;0
000280;BOLT WALT DISNEY;Wii;14
000281;NERF N STRIKE;Wii;4
000282;AC DC LIVE ROCK BAND;Wii;2
000283;TOMB RAIDER  UNDERWORLD;Wii;10
000284;ROCK BAND ;Wii;5
000285;ROCK BAND PACK VOLUMEN 1;Wii;5
000286;MY SIMS PARTY;Wii;7
000287;MR BEAN S WACKY WORLD OF WIII;Wii;0
000288;IMAGINE FASHION PARTY;Wii;5
000289;HOTEL FOR DOGS;Wii;13
000290;PAWS Y CLAWS PET RESORT;Wii;7
000291;PETS CRAZY MONKETZ;Wii;7
000292;DEAARISING CHOP TILL YOU DROP;Wii;17
000293;OCEAN COMMANDER;Wii;14
000294;POPSTAR GUITAR;Wii;7
000295;PIKMIN;Wii;2
000296;BRATZ KIDZ SLUMBER PARTY;Wii;4
000297;EL DESTINO DEL ZORRO;Wii;5
000298;MARIO POWER TENIS;Wii;5
000299;CASE CLOSED ONE HYTH INVESTIGACION DTJ;Wii;8
000300;LITTLEST PETSHEP;Wii;10
000301;PIT FALL THE BIG ADVENTURE;Wii;3
000302;LOSTIN BLUE SHIPWRECKED;Wii;8
000303;RAPALA S FISHING FRENZY;Wii;13
000304;HELLS KITCHEN THE GAME;Wii;4
000305;SAM Y MAX SEASON ONE;Wii;5
000306;CIRCUS GAMES  BIG TOP CLASICAL;Wii;7
000307;LINE RIDER UNBONUND2;Wii;7
000308;DOKAPO KINGDOW;Wii;8
000309;SPYRO DAWN OF THE DRAGON;Wii;4
000310;MARGOTS WOED BRAIN;Wii;7
000311;CRAZY MINI GOLF;Wii;7
000312;BROTHERS IN ARMS ROAD TO HILL 30;Wii;13
000313;ZOD HOSPITAL;Wii;6
000314;SAMBA DE AMIGO;Wii;5
000315;REBEL RAIDERS OPERATION NIGHTHAWK;Wii;9
000316;WE CHEER;Wii;5
000317;AVATAR THE LAST AIRBENDER INTO THE INFERNO;Wii;5
000318;BRATZ GIRLZ ROCK;Wii;8
000319;BEN 10 ALIEN FORCE;Wii;2
000320;TALES OF SYMPHONIA DAWN OF THE NEW WORLD;Wii;6
000321;MOVIE GAMES;Wii;5
000322;DORA SAVES THE SNOW PRINCESS;Wii;9
000323;TEN PIN ALLEY 2;Wii;6
000324;BROTHERS IN ARMS EARED IN BLOOD;Wii;6
000325;MONSTER LAB;Wii;7
000326; MY SIMS KINGDOM;Wii;14
000327;GUITAR HERO WORLD TOUR;Wii;5
000328;MONOPOLY;Wii;5
000329;FACEBREAKER KO PARTY;Wii;12
000330;NHL 2K9;Wii;0
000331;TIGER WOODS PGA TOUR 09;Wii;0
000332;GAME PARTY 2;Wii;9
000333;SONIC UNLEASHED;Wii;4
000334;WII MUSIC;Wii;6
000335;SMACK DOWN VS RAW 2009;Wii;5
000336;WII CHESS;Wii;8
000337;FIFA 09 ALL PLAY;Wii;1
000338;SPONGEBOB GLOBS OF DOOM;Wii;5
000339;JILLIN MICHAELS;Wii;3
000340;ARE YOU SMARTER THAN A 5 TH GRADER;Wii;8
000341;NEED FOR SPEED UNDERCOVER;Wii;7
000342;DANCE DANCE  REVOLUTION DISNEY GROOVES;Wii;5
000343;CATE WEST THE VANISHING FILES;Wii;1
000344;TRIVIAL PURSUIT;Wii;5
000345;BROKEN SWORD;Wii;5
000346;BATTLE RAGE THE ROBOT WARS;Wii;7
000347;X-MEN ORIGENES WOLVERINE;Wii;6
000348;KLONOA;Wii;8
000349;DON KING BOXING;Wii;12
000350;GOLD´S GYM CARDIO WORKOUT;Wii;5
000351;RUNE FACTORY FRONTIER;Wii;10
000352;VACATION SPORTS;Wii;5
000353;URBAN EXTREME STREET RAGE;Wii;3
000354;NIGHT AT THE MUSEUM BATTLE OF THE SMITHSONIAN;Wii;5
000355;ROLLING STONES DRUM KING;Wii;13
000356;MONSTERS VS ALIENS;Wii;8
000357;BACKYARD BASSEBALL 10;Wii;9
000358;EXCITE BOTS TRICK RACING;Wii;3
000359;2 K SPORTS MAJOR LEAGUE BASEBALLL 2K9;Wii;6
000360;SMILEY WORLD ISLAND CHALLENGE;Wii;9
000361;DANCE DANCE REVOLUTION WINX CLUB;Wii;4
000362;PRINCESS ON ICE;Wii;6
000363;GREY´S ANATOMY THE VIDEO GAME;Wii;1
000364;M & M BEACH PARTY;Wii;14
000365;MAJOR MAJESTIC MARCH;Wii;14
000366;NBA LIVE 09 ALL PLAY;Wii;2
000367;TATSUNOKO VS CAPCOM;Wii;1
000368;ULTIMATE SHOOTING COLLECTION;Wii;4
000369;AMERICAN IDOL KARAOKE ENCORE 2;Wii;0
000370;BIGFOOT;Wii;1
000371;SKATE CITY HEROES ZOO;Wii;8
000372;MORTINER BECKETT AND THE SECRETS OF SPOOKY MANOR;Wii;0
000373;MERV GRIFFIN´S CROSSWORDS ;Wii;4
000374;ULTIMATE BOARD GAME COLLECTION 20 CLASSIC;Wii;0
000375;SING STAR POP;Wii;0
000376;DISASTER DAY OF CRISIS;Wii;10
000377;CALL OF DUTY WORLD AT WAR;Wii;5
000378;ORDER UP!;Wii;4
000379;IGOR;Wii;10
000380;TNA INPAC;Wii;8
000381;COL . SAMURAI;Wii;7
000382;OFF ROAD;Wii;3
000383;DEFENFIN DE PENGUIN;Wii;18
000384;SPORTS PARTY;Wii;9
000385;FREDDI FISH;Wii;8
000386;BACKYARD SPORTS 09;Wii;7
000387;WARIOI LAND;Wii;6
000388;THE MUMMY;Wii;4
000389;FIFA 09;Wii;4
000390;PUZZLER COLLECTION;Wii;7
000391;WE LOVE GOLF!;Wii;8
000392;PAJAMAN SAM;Wii;11
000393;NBA 09;Wii;6
000394;DE BLOD;Wii;8
000395;KING OF CLUBS;Wii;11
000396;LITTLE LEAGUE WORLD SERIES BASEBALL;Wii;10
000397;VIRTUA TENIS 2009 ;Wii;10
000398;PUNCH OUT!!;Wii;10
000399;GHOSBUSTERS THE VIDEO GAME;Wii;5
000400;INDIANA JONES AND THE STAFF OF KINGS;Wii;8
000401;GRAND SLAM TENNIS;Wii;3
000402;UP;Wii;9
000403;MY SIMS RACING;Wii;6
000404;HARRY POTHER HALF BLOOD PRINCE;Wii;9
000405;RESIDENT EVIL ARCHIVES;Wii;9
000406;OVERLORD DARK LEGEND;Wii;4
000407;PIRATES VS NINJAS DODGEBALL;Wii;8
000408;GO PLAY CIRCUS STAR;Wii;7
000409;EL TIO VIVO MAGICO;Wii;8
000410;ONE PIECE UNLIMITED ADVENTURE;Wii;4
000411;FRITZ BY CHESSBASE;Wii;7
000412;PUZZLE KINGDOMS;Wii;0
000413;GUITAR HERO SMASH HITS;Wii;9
000414;HELP WANTED 50 WACKY JOBS!;Wii;7
000415;THE CONDUIT;Wii;3
000416;SPACE CAMP;Wii;8
000417;DAWN OF DISCOVERY;Wii;8
000418;ESCAPE THE MUSEUM;Wii;2
000419;NARUTO EX 3;Wii;5
000420;LITTLE AEAGUE 2009 WORLD SERIES BASEBALL;Wii;6
000421;ROCK BAND COUNTRY TRACK PACK;Wii;3
000422;KING OF POOL;Wii;9
000423;HORRIBLE HISTORIES ROUTHLESS ROMANS;Wii;8
000424;ATHLETIC PIEGGY PARTY;Wii;7
000425;HYSTERIA HOSPITAL;Wii;6
000426;ALIENS IN THE ATTIC;Wii;8
000427;MONSTER HUNTER 3;Wii;8
000428;AQUA PANIC!;Wii;8
000429;SAINT;Wii;8
000430;WII SPORTS RESORT;Wii;4
000431;G FORCE DISNEY;Wii;7
000432;G.I.JOE THE RISE OF COBRA;Wii;4
000433;ONE PIECE UNLIMITED CRUISE 1;Wii;10
000434;BRAVE A WARRIORS TALE;Wii;5
000435;SPECTROBES ORIGINS;Wii;5
000436;MADDEN NFL 10;Wii;5
000437;CURSED MOUNTAIN;Wii;2
000438;NUTRITION MATTERS;Wii;5
000439;READY STEADY COOK THE GAME;Wii;3
000440;REAL HEROES FIREFIGHTER;Wii;5
000441;KART RACER;Wii;1
000442;LETS TAP;Wii;4
000443;SUDOKU BALL DETECTIVE;Wii;6
000444;ASHES CRICKET 2009;Wii;6
000445;BOB Y SUS AMIGOS FESTIVAL DELA DIVERSION;Wii;8
000446;TRUCK RACER;Wii;5
000447;SPEED ZONE;Wii;6
000448;PLAY THE WORLD ;Wii;6
000449;ANOTHER CODE : R;Wii;6
000450;PET VET PAWS E CLAWS;Wii;7
000451;DRAGON BALL;Wii;7
000452;ATV QUAD KINGS;Wii;6
000453;IT'S MY BIRTHDAY !;Wii;4
000454;SNK ARCADE CLASSICS VOL.1;Wii;2
000455;GUITAR HERO 5;Wii;12
000456;ACADEMY OF CHAMPIONS SOCCER;Wii;6
000457;WORLD CHAMPIONSHIP SPORT;Wii;10
000458;BUILD N RACE;Wii;6
000459;BIOHAZARD CHINO RESIDENT EVIL;Wii;9
000460;ROCK BAND THE BEATLES;Wii;5
000461;READY 2 RUMBLE REVOLUTION BOX;Wii;9
000462;WINTER SPORTS THE NEXT CHALLENGE 2;Wii;5
000463;SOLITAIRE MAHJONG;Wii;24
000464;SKI AND SHOOT;Wii;0
000465;SKATE IT;Wii;6
000466;FUN PARK PARTY;Wii;7
000467;PDC WORLD CHAMPIONSHIP DARTS 2008;Wii;8
000468;DAISY FUENTES PILATES;Wii;6
000469;DRAGON BLADE WRATH OF FIRE;Wii;5
000470;ULTIMATE ALLIANCE 2;Wii;5
000471;YAMAHA SUPERCROSS;Wii;6
000472;BAJA 1000;Wii;3
000473;DEADLY CREATURES;Wii;6
000474;ALL STAR CHEER SQUAD;Wii;8
000475;BIG LEAGUE SPORTS SUMMER;Wii;6
000476;SPRAY ;Wii;16
000477;LUXOR 3;Wii;11
000478;CAKE MANIA IN THE MIX!;Wii;6
000479;GALLOP Y RIDE!;Wii;6
000480;CORALINE;Wii;19
000481;DEAL OR NO DEAL;Wii;8
000482;CRAYOLA LOLORFUL JOURNEY;Wii;8
000483;PAINTBALL 2009 CHAMPIONSHIP NPPL;Wii;3
000484;OUT OF THE CHUTE;Wii;8
000485;NEIGHBORHOOD GAMES;Wii;8
000486;TWIN STRIKE OPERATION THUNDER;Wii;8
000487;ARMY MEN SOLDIERS OF MISFORTUNE;Wii;20
000488;BARBIE HORSE ADVENTURES;Wii;11
000489;MR BEAN TOTAL DELIRE SUR WII;Wii;3
000490;ICE AGE DAWN OF THE DINOSAURS LA ERA DEL HIELO 3;Wii;7
000491;SAFE CRACKER THE ULTIMATE PUZZLE ADVENTURE;Wii;7
000492;KIDZ SPORTS ICE HOCKEY;Wii;15
000493;CANDY FACTORY;Wii;8
000494;SHAUN WHITE SNOWBOARDING;Wii;15
000495;JILLIAN MICHAELS -2009;Wii;8
000496;WSC REAL 08 WORLD SNOOKER CHAMPIONSHIP;Wii;8
000497;MONSTER JAM URBAN ASSAULT;Wii;5
000498;MADAGASCAR 2;Wii;13
000499;SKATE CITY HEROES  ;Wii;8
000500;SING IT DISNEY HANNAH MONTANA;Wii;1
000501;MONKEY MISCHIEF! PARTY TIME;Wii;8
000502;WACKY WORLD OF SPORTS;Wii;15
000503;SUMMER ATHETICS 2009;Wii;6
000504;JUMP START PET RESCUE;Wii;8
000505;MY FITNESS COACH;Wii;1
000506;ANIMAL PLANET VET LIFE;Wii;5
000507;NHL 2K10;Wii;7
000508;WORLD SPORTS PARTY;Wii;9
000509;STAR WARS THE CLONE WARS REPUBLIC HEROES;Wii;9
000510;FIFA 10;Wii;2
000511;PACIFIC LIBERATOR;Wii;7
000512;TORNADO OLITBREACK;Wii;8
000513;ROCK BAND METAL TRACK PACK;Wii;6
000514;SCOOBY DOO! FIRST FRIGHTS;Wii;3
000515;DEAD SPACE EXTRACTION;Wii;5
000516;CABELAS BIG GAME HUNTER 2010;Wii;15
000517;REEL FISHING ANGLER S DREAM;Wii;8
000518;MY SIMS AGENTS;Wii;5
000519;SPYBORGS;Wii;8
000520;GROOVIN BLOCKS;Wii;6
000521;DECA SPORTS 2;Wii;7
000522;MONSTER TRUCKS MAYHEM;Wii;6
000523;OUR HOUSE PARTY!;Wii;6
000524;INTERNATIONAL ATHETICS;Wii;4
000525;COLIN MCRAE DIRT 2;Wii;23
000526;BASEBALL BLAST OVER  MINI GAMES;Wii;6
000527;CRUISE SHIP VACATION GAMES;Wii;13
000528;CASPER´S SCARE SCHOOL;Wii;10
000529;WORLD CHAMPIONSHIP ATHLETICS;Wii;5
000530;MONSTER MAYHEM BLIILD AND BATTLE;Wii;4
000531;ARCADE ZONE ;Wii;5
000532;HUNTING CHALLENGE CAZA;Wii;6
000533;MURAMASA THE DEMON BLADE;Wii;11
000534;BULLY;Wii;9
000535;WHERE THE WILD THINGS ARE;Wii;5
000536;SMACK DOWN VS RAW 2010;Wii;7
000537;LITTLEST PET SHOP FRIENDS;Wii;12
000538;SPORE HERO;Wii;2
000539;WII FIT PLUS;Wii;6
000540;FAMILY FEUD;Wii;7
000541;FAMILY FUN FOOTBALL;Wii;4
000542;SUPER HERO SQUAD MARVEL;Wii;10
000543;CHICKEN BLASTER;Wii;6
000544;A BOY AND HIS BLOB;Wii;7
000545;30 CREAT GAMES OUTDOOR FUN FAMILY PARTY;Wii;6
000546;DODGE RACING CHARGER VS CHALLENGER;Wii;4
000547;BAKUGAN BATTLE BRAWLERS;Wii;9
000548;MARIO Y SONIC OLYMPIC WINTER GAMES;Wii;6
000549;CALL OF DUTY MODERN WARFARE REFLEX;Wii;19
000550;THE ISLAND OF DR FRANKESTEIN;Wii;6
000551;ALL STAR CHEER SQUAD 2;Wii;6
000552;MOUNTAIN SPORTS;Wii;6
000553;DORA SAVS THE CRYSTAL KINGDOM;Wii;18
000554;WE WISH YOU A MERRY CHRISTMAS;Wii;5
000555;COOK OR BE COOKED!;Wii;3
000556;LEGO ROCK BAND;Wii;4
000557;NEED FOR SPEED NITRO;Wii;3
000558;BAND HERO;Wii;5
000559;PLANET 51 THE GAME;Wii;9
000560;PRESS YOUR LUCK 2010 EDITION;Wii;7
000561;RABBLIDS GO HOME;Wii;1
000562;FAMILY GAME NIGHT 2;Wii;5
000563;MADAGASCAR KARTZ;Wii;4
000564;SIM ANIMALES AFRICA;Wii;11
000565;GUITAR HERO VAN HALEN;Wii;8
000566;THE SECRET SATURDAYS BEASTS OF THE 5 TH SUN;Wii;5
000567;ARMY RESCUE;Wii;7
000568;CSI DEADLY INTENT  CRIME SCENE INVESTIGATION ;Wii;7
000569;BACKYARD FOOTBALL  10;Wii;7
000570;PAJAMA PARTY ;Wii;5
000571;ASTROBOY THE GAME ;Wii;10
000572;NEW SUPER MARIO BROS WII ORIGINAL ;Wii;7
000573;TOY STORY MANIA;Wii;18
000574;MISSION IMPOSSIBLE;Wii;12
000575;PRO EVOLUTION SOCCER 2010;Wii;3
000576;TWILIGHT SCENE IT ?;Wii;2
000577;WHEELSPIN;Wii;0
000578;I CARLY;Wii;8
000579;HOT WHEELS BATTLE FORCE 5;Wii;7
000580;AVATAR EL VIDEO JUEGO;Wii;10
000581;RESIDENT EVIL THE DARKSIDE CHRONICLES;Wii;15
000582;BEN 10 ALIEN FORCE VILGAX ATTACK;Wii;9
000583;NARUTO SHIPPUDEN CLASH OF NINJA 3 REVOLUTION;Wii;10
000584;KAMEN RIDER DRAGON KNIGHT;Wii;5
000585;COCOTO FESTIVAL;Wii;6
000586;JURASSIC THE HUNTER;Wii;8
000587;MARBLE SAGA KORORINPA;Wii;8
000588;CLOUDY MEAT BALLS LLUVIA DE HAMBURGUESAS;Wii;5
000589;ANNO CREATE A NEW WORLD;Wii;7
000590;VERTIGO;Wii;7
000591;VALHALLA KNIGHTS ELDAR SAGA;Wii;4
000592;ACTIVE EA PERSONAL TRAINER;Wii;0
000593;CABELAS OUTDOOR ADVENTURES;Wii;5
000594;KUNG FU PANDA LEGENDARY WARRIOS;Wii;7
000595;SONIC SEGA ALL STARS RACING;Wii;9
000596;ROCK BLAST;Wii;0
000597;ALICE IN WORDERLAND ALICIA EN EL PAIS DE LAS MARAVILLAS;Wii;4
000598;ENDELESS OCEAN 2;Wii;6
000599;PROJECT RUNWAY;Wii;10
000600;FATAL FRAME 4;Wii;8
000601;THE SKY GRAWLERS;Wii;8
000602;FORMULA 1 2009 10;Wii;3
000603;WALK IT OUT!;Wii;0
000604;TATSUNOKO VS CAPCOM 2;Wii;2
000605;RICGLING BROS BARNUM CIRCO;Wii;7
000606;POP´NRHYTHM;Wii;0
000607;BERMUDATRIANGLE;Wii;0
000608;AMERICA´S NEXT TOP MODEL;Wii;0
000609;YOUR SHAPE;Wii;0
000610;SLEEPOVER PARTY;Wii;0
000611;WSC REAL 09;Wii;0
000612;ARCADE DATA EAST;Wii;0
000613;MARINES MODERN URBAN COMBAT;Wii;16
000614;NARUTO CLASH OF NINJA REVOLUTION 2;Wii;8
000615;ALVIN AND THE CHIPMUNK THE SQUEAKQUEL;Wii;8
000616;BARBIE AND THE THREE MUKETEERS;Wii;11
000617;YOGA THE FIRST 100 EXPERIENCE;Wii;4
000618;MUSIIC PARTY ROCK THE HOUSE;Wii;0
000619;SCENE IT? BRIGHT LIGHTS BIG SCREEN;Wii;0
000620;LEGO INDIANA JONES 2;Wii;11
000621;DANCE DANCE REVOLUTION HOTTEST PARTY 3;Wii;8
000622;ARCADE SHOOTING GALLERY;Wii;0
000623;REC ROOM GAMES 20 GAMES;Wii;0
000624;JUST DANCE 30 TRACKS;Wii;2
000625;SILENT HILL SHATTERED MEMORIES;Wii;3
000626;MY BODY COACH;Wii;0
000627;TITANIC MURDER OF THE;Wii;8
000628;BUCK FEVER;Wii;8
000629;DANCE Y CHEER;Wii;7
000630;NERF N STRIKE ELITE;Wii;8
000631;GLACIER 2;Wii;8
000632;CIRCUS ACTIE IN DE RING;Wii;0
000633;MY FITNESS COACH 2 EXERCISE;Wii;8
000634;STORY BOOK WORK SHOP;Wii;7
000635;ACTIVE EA MORE WORKOUTS;Wii;0
000636;HORRID HENRY;Wii;0
000637;MEDIEVAL GAMES;Wii;0
000638;CRAZY CHICKEN LADES;Wii;0
000639;HOOKED! REAL MOTION AGAIN;Wii;0
000640;PEPPA PIG THE GAME;Wii;8
000641;COLD STONE CREAMERY SCOOP OT UP;Wii;0
000642;DIVA BALLERINA;Wii;0
000643;BOWLING WORLD LANES;Wii;0
000644;WHERE S WALDO THE FANTASTIC JOURNEY;Wii;0
000645;SUPERVIVIENTES;Wii;0
000646;TONY HAWK RIDE;Wii;9
000647;ROGUE TROOPER ;Wii;0
000648;DJ HERO;Wii;0
000649;NINJA CAPTAINS 20 GAMES;Wii;0
000650;FINAL FANTASY CRYSTAL BEARERS ;Wii;0
000651;JUMP START ESCAPE FROM ADVENTURE ISLAND;Wii;0
000652;PIZZA DELIVERY BOY;Wii;0
000653;FRANGILE DREAMS;Wii;0
000654;GTI CLUB SUPER MINI FESTA;Wii;0
000655;DRAGON;Wii;0
000656;SO BLONDE;Wii;0
000657;RUGBY LEAGUE 3;Wii;0
000658;FRIENDSHIP VALLEY;Wii;0
000659;THE DARING GIRLS GAME FOR;Wii;0
000660;LET S PLAY GARDEN;Wii;0
000661;RACQUET SPORTS;Wii;6
000662;ROOMS THE BUILDING;Wii;0
000663;RED STEEL 2;Wii;0
000664;DANCING ON ICE;Wii;4
000665;SPELL BOUND PARTY;Wii;0
000666;ULTIMATE HOOPS CHALLENGE;Wii;0
000667;NEW SUPER MARIO BROSS NO DA EN CONSOLAS CON CHIP;Wii;0
000668;NEW SUPER MARIO BROSS NO DA EN CONSOLA CON FLASH;Wii;0
000669;SUOUTH AFRICA 2010 FIFA WORLD CUP;Wii;0
000670;IRON MAN 2;Wii;6
000671;SAM E MAZ BEYOND TIME AND SPACE;Wii;8
000672;SNOWBOARDING TRIPLE CROWN CHAMPIONSHIP;Wii;0
000673;ALL STAR KARATE;Wii;0
000674;CITY BUILDER;Wii;0
000675;BIG CATCH BASS FISHING 2;Wii;0
000676;CALLING;Wii;0
000677;SHREK FOREVER AFTER THE GAME;Wii;8
000678;SIN AND PUNISHMENT;Wii;0
000679;PRINCE OF PERSIA THE FORGOTTEN SANDS;Wii;8
000680;MARIO GALAXI 2;Wii;17
000681;PET RESORT PAWS Y CLAWS;Wii;8
000682;TURTLES SMACH UP;Wii;6
000683;MINI NINJAS;Wii;0
000684;TWISTED TO WERS;Wii;0
000685;VEGAS PARTY;Wii;0
000686;MY BALLET STUDIO;Wii;0
000687;FINAL FANTASY ECHOES TIME;Wii;0
000688;MAJOR LEAGUE BASEBALL 2K11;Wii;0
000689;TOY STORY 3;Wii;0
000690;TIGER WOODS PGA TOUR 11;Wii;4
000691;TRANSFORMERS CYBERTRON ADVENTURES;Wii;6
000692;HARRY POTTER YEARS 1-4 LEGO;Wii;3
000693;GREEN DAY ROCK BAND;Wii;3
000694;TETRIS PARTY DELUXE;Wii;7
000695;NO MORE HEROES 2 DESPERATE STRUGGLE;Wii;3
000696;DISNEY THE PRINCESS AND THE FROG;Wii;14
000697;BIG BEACH SPORTS 2;Wii;6
000698;FANTASTIC FOOTBALL FAN PARTY;Wii;7
000699;DANCE SENSATION!;Wii;7
000700;10 MINUTE SOLUTION KNOCK-OUT BODY;Wii;6
000701;PIRATES PLUND ARRR;Wii;0
000702;THINK SMART FAMILY POWER UP YOUR BRAIN!;Wii;5
000703;CRAZY QUIZ! ARE YOU CRAZY ENOUGH?;Wii;7
000704;GREAT PARTY GAMES ;Wii;4
000705;CYBERBIKE;Wii;4
000706;THE KORE GANG INVASION DER INNER-IRDISCHEN;Wii;5
000707;RALLY RACER;Wii;0
000708;DISNEY SING IT FAMILY HITS;Wii;1
000709;SUMMER CHALLENGE ATHLETICS TOURNAMENT;Wii;4
000710;ARC RISE FANTASIA;Wii;6
000711;GP CLASSIC RACING;Wii;5
000712;DANCE WORKOUT GOLD'S GYM;Wii;5
000713;LITTLE LEAGUE WORLD SERIES BASEBALL DOUBLE PLAY;Wii;7
000714;BEYBLADE METAL FUSION BATTLE FORTRESS;Wii;3
000715;FIFA 2011 FIFA 11;Wii;3
000716;KUSTOM MARIO KART WII;Wii;0
000717;WE SING ENCORE;Wii;0
000718;NICKELODEON SPONGEBOB'S TRUTH OR SQUARE;Wii;7
000719;CHUCK E. CHEESE'S PARTY GAMES;Wii;0
000720;METROID: OTHER M  DVD9;Wii;0
000721;CLUB PENGUIN GAME DAY!;Wii;10
000722;CABELAS NORTH AMERICAN ADVENTURES;Wii;9
000723;MY SIMS SKY HEROES;Wii;9
000724;NHL SLAPSHOT;Wii;0
000725;NEW SUPER MARIO BROS 3;Wii;9
000726;IVY THE KIWI?;Wii;0
000727;MADDEN NFL 11;Wii;0
000728;ROCK BAND 3;Wii;6
000729;STAR WARS THE FORCE UNLEASHED 2;Wii;9
000730;BAKUGAN DEFENDERS OF THE CORE;Wii;10
000731;CALL OF DUTY BLACK OPS;Wii;14
000732;NBA JAM;Wii;0
000733;OOPS! 100 PARTY GAMES;Wii;5
000734;BEN 10 ULTIMATE ALIEN COSMIC DESTRUCTION;Wii;7
000735;JUST DANCE 2;Wii;7
000736;SONIC COLORS;Wii;12
000737;HAWX 2   H-A-W-X-2;Wii;12
000738;THE SIMS 3;Wii;5
000739;SMACK DOWN VS RAW 2011;Wii;0
000740;PRO EVOLUTION SOCCER 2011   PES 2011;Wii;0
000741;THE LORD OF THE RINGS ARAGORN'S QUEST ESDLA;Wii;10
000742;CARS TOON MATER'S TALL TALES;Wii;3
000743;NICKELODEON FIT;Wii;8
000744;JUNIOR FITNESS TRAINER;Wii;0
000745;RUDOLPH THE RED-NOSED REINDEER;Wii;0
000746;SAMURAI WARRIORS 3;Wii;5
000747;DISNEY TANGLED;Wii;8
000748;HELLO KITTY SEASONS;Wii;7
000749;PICTIONARY;Wii;6
000750;SHAWN JOHNSON GYMNASTICS;Wii;16
000751;WE SING ROBBIE WILLIAMS;Wii;0
000752;HOT WHEELS TRACK ATTACK;Wii;11
000753;TOM CLANCY S GHOST RECON;Wii;15
000754;NICKELODEON ICARLY 2 !JOIN THE CLICK.;Wii;1
000755;MARVEL SUPER HERO SQUAD THE INFINITY GAUNTLET;Wii;12
000756;DISNEY TRON EVOLUTION ;Wii;5
000757;MICHAEL JACKSON THE EXPERIENCE;Wii;1
000758;BABY SITTING MAMA;Wii;0
000759;FAMILY FEUD 1976 DECADES 2011;Wii;7
000760;40 FUN SONGS FOR ALL AGES JUST DANCE KIDS;Wii;18
000761;PAC-MAN PARTY;Wii;4
000762;RAVING RABBIDS TRAVEL IN TIME ;Wii;16
000763;HARRY POTTER  LAAS RELIQUIAS DE LA MUERTE;Wii;12
000764;DONKEY KONG COUNTRY RETURNS;Wii;10
000765;GET FIT WITH MEL B;Wii;8
000766;GOLDEN EYE 007;Wii;1
000767;THE X FACTOR;Wii;8
000768;ACTIVE 2 PERSONAL TRAINER;Wii;15
000769;NEED FOR SPEED HOT PURSUIT;Wii;13
000770;FLING SMASH;Wii;8
000771;BARBIE GROOM AND GLAM PUPS;Wii;14
000772;CREATE YOUR IMAGINATION;Wii;13
000773;MONSTER JAM PATH OF DESTRUCTION ;Wii;0
000774;SUPER MARIO ALL STARS 4 EN 1;Wii;12
000775;COMBAT OF GIANTS DINOSAURS STRIKE;Wii;7
000776;JILLIAN MICHAELS FITNESS ULTIMATUM 2011;Wii;7
000777;CABELAS DANGEROUS HUNTS 2011;Wii;6
000778;GUMMY BEARS MINIGOLF;Wii;7
000779;5 DS YU-GI-OH! DUEL TRANSER;Wii;9
000780;MARIO SPORTS MIX;Wii;9
000781;YOGI BEAR THE VIDEO GAME;Wii;6
000782;101 EN 1 SPORTS PARTY MEGAMIX;Wii;7
000783;DOCTOR WHO RETURN TO EARTH;Wii;7
000784;MINUTE TO WIN IT;Wii;0
000785;FERRARI THE RACE EXPERIENCE;Wii;8
000786;WII PARTY;Wii;9
000787;DECA SPORTS 3;Wii;9
000788;SPORTS ISLAND 3;Wii;10
000789;TONY HAWK SHRED BIG AIR;Wii;5
000790;DISNEY CHANNEL ALL STAR PARTY;Wii;7
000791;HAUNTED HOUSE;Wii;8
000792;CANADA HUNT;Wii;0
000793;KID FIT ISLAND RESORT;Wii;0
000794;MEGAMIND MEGA TEAM UNITE (MEGAMENTE);Wii;4
000795;NEW CARNIVAL FUNFAIR GAMES;Wii;0
000796;DRAGON LAIR TRILOGY;Wii;7
000797;THE ULTIMATE BATTLE OF THE SEXES;Wii;0
000798;KID ADVENTURES SKY CAPTAIN;Wii;6
000799;DEER DRIVE;Wii;7
000800;IN THE MIX FEATURING ARMIN VAN BUUREN;Wii;7
000801;CSI FATAL CONSPIRACY;Wii;9
000802;RTHE AMAZING RACE;Wii;8
000803;TRUTH OR LIES SOMEONE WILL GET CAUGHT;Wii;8
000804;WHEEL OF FORTUNE;Wii;0
000805;KIRBY S EPIC YARN;Wii;9
000806;JEOPARDY AMERICA S FAVORITE QUIZ SHOW;Wii;0
000807;DJ HERO 2;Wii;0
000808;FAMILY TRAINER TREASURE ADVENTURE;Wii;9
000809;ESPECIAL EDITION DEAL OR NO DEAL;Wii;0
000810;SESAME STREET ELMO S A-TO-ZOO ADVENTURE ;Wii;9
000811;SESAME STREET COOKIE S COUNTING CARNIVAL;Wii;10
000812;GLACIER 3 THE MELTDOWN;Wii;8
000813;GREG HASTINGS PAINT BALL 2;Wii;8
000814;DEF JAM RAP STAR;Wii;7
000815;FLIP STWISTED WORLD;Wii;8
000816;YETISPORTS PINGUIN PARTY ISLAND;Wii;10
000817;WINTER SPORTS THE GREAT TOURNAMENT 3;Wii;6
000818;SIN Y PUNISHMENT 2 STAR SUCCESSOR;Wii;9
000819;RAPALA PRO BASS FISHING;Wii;8
000820;DORA S BIG BIRTHDAY ADVENTURE;Wii;9
000821;PODER EN MATEMATICAS EL ENTRENADOR DE CALCULO MENTAL;Wii;0
000822;MONOPOLY STREETS;Wii;5
000823;FAMILY GAME NIGHT 3;Wii;8
000824;BIG BUCK HUNTER PRO;Wii;0
000825;WHO WANTS TO BEA MILLIONAIRE ;Wii;8
000826;SLED SHRED JAMAICAN BOBSLED TEAM;Wii;7
000827;MARTIAN PANIC;Wii;0
000828;GUN BLADE NY ARCADE HITS PACK L. A. MACHINEGUNS;Wii;7
000829;GO PLAY LUMBERJACKS;Wii;0
000830;BIBI BLOCKSBERG DAS GROBE HEXENBESEN RENNEN ;Wii;0
000831;THE BACHELOR THE VIDEO GAME;Wii;0
000832;TRAUMA TEAM;Wii;0
000833;SATIS FASHION ROCK THE RUNAWAY;Wii;0
000834;BASARA 3;Wii;0
000835;WILD WEST SHOOTOUT;Wii;0
000836;CRAZY MACHINES;Wii;0
000837;BEACH FUN SUMMER CHALLENGE;Wii;0
000838;IT S YOUR STAGE DANCE! MIT DETLEF D! SOOST;Wii;0
000839;PRINCESS LILLIFEE S MAGIC FAIRY;Wii;0
000840;PET VET MARINE PATROL;Wii;0
000841;PETANQUE MASTER;Wii;0
000842;INCLUDES 24 DANCE HITS KIDZ BOP DANCE PARTY;Wii;0
000843;MY FITNESS COACH DANCE WOEKOUT;Wii;8
000844;BRUNSWICK ZONE COSMIC BOWLING;Wii;7
000845;GREASE THE OFFICIAL VIDEO GAME;Wii;0
000846;GRAND GALOP;Wii;0
000847;PRINCESS ISABELLA A WITCH S CURSE;Wii;8
000848;SCOOBY-DOO! AND THE SPOOKY SWAMP;Wii;7
000849;SID MEIER S PIRATES!;Wii;0
000850;ARCADE SHOOTER OLVELO;Wii;0
000851;TRACKMANIA TM;Wii;8
000852;WORMS BATTLE ISLANDS;Wii;6
000853;BUSY SCISSORS;Wii;0
000854;FIT & FUN;Wii;0
000855;BURGER BOT;Wii;8
000856;ATV FEVER;Wii;13
000857;RELOAD(1-4 PLAYERS);Wii;8
000858;MARVEL SUPER HEROES 3D GRANDMASTER´SCHALLENGE;Wii;27
000859;ROCK ABND TRACK PACK CLASSIC ROCK;Wii;7
000860;ZHU ZHU PETS;Wii;8
000861;A SHADOW`S TALE;Wii;0
000862;ONCE UPON A TIME;Wii;0
000863;WILD RIDE CAMARO CHEVROLET;Wii;0
000864;EPIC MICKEY DISNEY;Wii;17
000865;SURVIVOR;Wii;0
000866;NARUTO SHIPPUDEN DRAGON BLADE;Wii;6
000867;SNIPER ELITE;Wii;8
000868;LEGO PIRATAS DEL CARIBE THE GAME;Wii;4
000869;GREEN LANTERN RISE OF THE MANHUNTERS;Wii;4
000870;MASTERS TIGER WOODS PGA TOUR 12;Wii;5
000871;LEGO STAR WARS 3 THE CLONE WARS;Wii;13
000872;DE BLOB 2;Wii;3
000873;CONDUIT 2;Wii;0
000874;NASCAR 2011 THE GAME;Wii;6
000875;TOP SHOT DINOSAUR HUNTER;Wii;8
000876;SWORDS;Wii;4
000877;MAXIMUM RACING RALLY RACER;Wii;9
000878;CRASH CAR RACER;Wii;0
000879;MAXIMUM RACING GP CLASSIC RACING;Wii;5
000880;THOR DIUE DU TONNERRE (DIOS DEL TRUENO);Wii;9
000881;KUNG FU PANDA 2;Wii;7
000882;RIO (MULTIPLAYER PARTY GAME!(LOROS);Wii;16
000883;W ALL STARS (WWE ALL STARS);Wii;11
000884;RAYMAN RAVING RABBIDS TV PARTY;Wii;1
000885;VIRTUA TENNIS 4;Wii;5
000886;READER RABBIT PRESCHOOL;Wii;7
000887;READER RABBIT 1ST GRADE (1ER GRADO);Wii;6
000888;MARIO KART WII CUSTOM BLACK;Wii;7
000889;THE SMURFS DANCE PARTY (LOS PITUFOS);Wii;2
000890;CAPTAIN AMERICA SUPER SOLDIER;Wii;6
000891;UFC PERSONAL TRAINER THE ULTIMATE FITNESS SYSTEM;Wii;4
000892;PUCCA RACE FOR KISSES;Wii;14
000893;LUCHA LIBRE HEROES DEL RING;Wii;13
000894;JUST DANCE SUMMER PARTY LIMITED EDITION;Wii;5
000895;WIIMMS MARIO KART FUN 2011-06;Wii;1
000896;WII PLAY MOTION;Wii;10
000897;NICKELODEON SPONGEBOB SQUIGGLEPANTS (BOS SPONJA UDRAW);Wii;5
000898;TV TOTAL EVENTS;Wii;0
000899;NORTH AMERICAN HUNTING 2 EXTRAVAGANZA;Wii;10
000900;2 EN 1 - OUTDOOR ACTION DOUBLE PACK (GREAT AMERICAN BIRD HUNT - XTREME FISHING);Wii;0
000901;I SPY SPOOKY MANSION (YO ESPIA);Wii;8
000902;PHINEAS AND FERB ACROSS THE 2NDDIMENSION;Wii;12
000903;SPIDER-MAN EDGE OF TIME;Wii;6
000904;DRIVER SAN FRANCISCO;Wii;3
000905;MARIO Y SONIC AT THE LONDON 2012 OLYMPIC GAMES;Wii;6
000906;CABELAS SURVIVAL SHADOWS OF KATMAI;Wii;3
000907;KIRBY'S RETURN TO DREAM LAND;Wii;8
000908;MARIO PARTY 9;Wii;19
000909;FIFA 12;Wii;5
000910;THE BIGGEST LOSER CHALLENGE;Wii;6
000911;LAS AVENTURAS DE TIN TIN;Wii;3
000912;POWER RANGER SAMURAI;Wii;6
000913;SKYLANDERS SPYROS ADVENTURE;Wii;0
000914;HAPPY FEET 2;Wii;6
000915;WWE 12 SMACK DOWN VS RAW 2012;Wii;10
000916;CALL OF DUTY MODERN WARFARE 3;Wii;2
000917;JUST DANCE 3 + 40 HIT TRACKS;Wii;10
000918;NEED FOR SPEED THE RUN;Wii;6
000919;PUSS IN BOOTS - EL GATO CON BOTAS;Wii;4
000920;NBA 2K12;Wii;1
000921;CRAZY MACHINES;Wii;1
000922;BEN 10 GALACTIC RACING;Wii;6
000923;ZELDA SKYWARD SWORD;Wii;15
000924;ABC WIPEOUT 2;Wii;11
000925;DISNEY UNIVERSE;Wii;7
000926;X-MEN DESTINY;Wii;16
000927;LOVE IS IN BLOOM THE FLOWER SHOP GARGEN;Wii;0
000928;PRO EVOLUTION SOCCER 2012 PES 12;Wii;0
000929;TOP TRUMPS ADVENTURES!;Wii;7
000930;JUNIOR LEAGUE SPORTS;Wii;6
000931;WE DANCE;Wii;0
000932;FAMILY GAME NIGHT 4 THE GAME SHOW;Wii;0
000933;THE KING OF FIGHTERS COLLECTION THE OROCHI SAGA;Wii;0
000934;THE GARFIELD SHOW;Wii;0
000935;PHANTON BRAVE  WE WEET AGAIN;Wii;0
000936;ATTACK OF THE MOVIES 3-D;Wii;0
000937;NASCAR UNLEASHED;Wii;0
000938;BRICO PARTY;Wii;0
000939;BEASTLY ;Wii;0
000940;READER RABBIT 2ND GRADE;Wii;0
000941;PIRATES BLAST;Wii;0
000942;MINI GOLF RESORT THE ULTIMATE MINIGOLF PARTY;Wii;0
000943;FIT IN SIX (SIX WAYS TO GET IN SHAPE);Wii;0
000944;CHUCK E. CHEESE'S SPORTS GAMES;Wii;0
000945;DISNEY SING IT PARTY HITS;Wii;0
000946;THE $ 1,000,000 PYRAMID;Wii;0
000947;GLEE KARAOKE REVOLUTION VOLUMEN 1;Wii;0
000948;GLEE KARAOKE REVOLUTION VOLUMEN 2;Wii;0
000949;MISTERY CASE FILES THE MALGRAVE INCIDENT;Wii;0
000950;SCIENCE PAPA;Wii;0
000951;MAXIMUM RACING SPRINT CARS;Wii;0
000952;NFL TRAINING CAMP;Wii;0
000953;CHUCK E. CHEESE'S SUPER COLLECTION ;Wii;0
000954;LET'S TAP (TAP INTO A NEW PARTY EXPERIENCE!);Wii;0
000955;JERRY RICE & NITUS DOG FOOTBALL;Wii;0
000956;SESAME STREET READY, SET, GROVER!  WITH ELMO;Wii;0
000957;SUPER SONIC RACER;Wii;6
000958;MY PERSONAL GOLF TRAINER WITH IMG ACADEMIES;Wii;0
000959;MAX & THE MAGIC MARKER RUN JUMP THINK DRAW;Wii;0
000960;WICKED MONSTERS BLAST!;Wii;0
000961;BIT TRIP COMPLETE;Wii;0
000962;SUPER FRUIT FALL;Wii;0
000963;MAXIMUM RACING SUPER TRUCK RACER;Wii;0
000964;COUNTRY DANCE;Wii;0
000965;SUPER SMASH BROS PHOENIX WINGS;Wii;8
000966;LEGO BATMAN 2;Wii;2
000967;BATTLESHIP;Wii;18
000968;MADAGASCAR 3;Wii;11
000969;SPIDER MAN THE AMAZING;Wii;12
000970;ALIEN CRISIS MIB HOMBRES DE NEGRO;Wii;12
000971;ICE AGE 4 CONTINENTALS;Wii;2
000972;THE BLACK EYED PEAS EXPERIENCE;Wii;19
000973;DISNEY PIXAR BRAVE;Wii;9
000974;FORTUNE STREET ;Wii;0
000975;DINO STRIKE ZOO;Wii;5
000976;BATMAN THE BRAVE AND THE BOLD THE VIDEO GAME;Wii;0
000977;RAYMAN ORIGINS;Wii;0
000978;PRO EVOLUTION SOCCER 2013 PES 13;Wii;6
000979;JUST DANCE GREATS HITS;Wii;0
000980;WWE 13 SMACK DOWN VS RAW 2013;Wii;11
000981;FIFA 13;Wii;9
000982;JUST DANCE 4;Wii;12
000983;TRANSFORMERS PRIME THE GAME;Wii;15
000984;EPIC MICKEY 2;Wii;15
000985;ABC WIPEOUT 3;Wii;6
000986;POCOYO RACING;Wii;0
000987;I LOVE HORSES RIDERS PARADISE;Wii;5
000988;FLATOUT;Wii;8
000989;RALPH;Wii;8
000990;CABELAS 2013;Wii;12
000991;LETS SINGS;Wii;4
000992;KIRBY 20TH ANNIVERSARY  DREAM COLLECTION;Wii;7
000993;ZUMBA FITNESS CORE;Wii;9
000994;LETS DANCE;Wii;1
000995;RABBIDS GO HOME A COMEDY ADVENTURE;Wii;10
000996;THE SMURFS 2 (PITUFOS 2);Wii;9
000997;TURBO SUPER STUNT SQUAD;Wii;6
000998;NICKELODEON DANCE 2;Wii;6
000999;COOKING MAMA WORLD KITCHEN;Wii;5
001000;RISE OF THE GUARDIANS;Wii;3
001001;POKEPARK 2 WONDERS BEYOND;Wii;7
001002;MONSTER HIGH SKULTIMATE ROLLER MAZE;Wii;3
001003;MOSTER HIGH GHOUL SPIRIT;Wii;5
001004;SHOWTIME CHAMPIONSHIP BOXING;Wii;11
001005;DONKEY KONG JUNGLE BEAT;Wii;12
001006;BEN 10 OMNIVERSE;Wii;16
001007;PHINEAS AND FERB QUEST FOR COOL STUFF;Wii;0
001008;DISNEY PLANES;Wii;12
001009;ANGRY BIRDS TRILOGY;Wii;1
001010;JUST DANCE DISNEY PARTY;Wii;12
001011;LOVE THE BEATLES ROCK BAND;Wii;6
001012;HYPER FIGHTERS;Wii;0
001013;THE CROODS;Wii;0
001014;JUST DANCE 2014;Wii;14
001015;FIFA 14 FIFA 2014;Wii;18
001016;SPONGE BOB PLANKTON;Wii;6
001017;TEENAGE MUTANT NINJA TURTLES OUT OF THE SHADOWS;Wii;5
001018;EL CHAVO;Wii;6
001019;ANGRY BIRDS STAR WARS 2;Wii;9
001020;WIPEOUT CREATE;Wii;0
001021;LA VOZ;Wii;0
001022;LEGO HARRY POTTER YEARS 5-7;Wii;8
